FILE,MicrosoftAVQuarantine,%%environ_allusersappdata%%\Microsoft\Microsoft Antimalware\Quarantine\**;%%environ_allusersappdata%%\Microsoft\Windows Defender\Quarantine\**,Microsoft Anti-Virus Quarantine (Infected) files.,antivirus.yaml
FILE,SophosAVLogs,/Library/Logs/Sophos*.log,Sophos Anti-Virus log files.,antivirus.yaml
FILE,SophosAVLogs,%%environ_allusersappdata%%\Sophos\Sophos Anti-Virus\Logs\*,Sophos Anti-Virus log files.,antivirus.yaml
FILE,SophosAVQuarantine,/Users/Shared/Infected/*,Sophos Anti-Virus Quarantine (Infected) files.,antivirus.yaml
FILE,SophosAVQuarantine,%%environ_allusersappdata%%\Sophos\Sophos Anti-Virus\INFECTED\*,Sophos Anti-Virus Quarantine (Infected) files.,antivirus.yaml
FILE,SymantecAVLogs,%%environ_allusersappdata%%\Symantec\Symantec Endpoint Protection\*\Data\Logs\*.log;%%users.localappdata%%\Symantec\Symantec Endpoint Protection\Logs\*.log,Symantec Anti-Virus Log Files.,antivirus.yaml
FILE,SymantecAVQuarantine,%%environ_allusersappdata%%\Symantec\Symantec Endpoint Protection\**5.vbn,Symantec Anti-Virus Quarantine (Infected) files.,antivirus.yaml
FILE,NodeJSPackageManagerCacheFiles,%%users.homedir%%/.npm/*,Node JS package manager (NPM) cache files,applications.yaml
FILE,NodeJSPackageManagerCacheFiles,%%users.appdata%%\npm-cache\*,Node JS package manager (NPM) cache files,applications.yaml
FILE,MicrosoftOfficeMRU,%%users.homedir%%/Library/Preferences/com.microsoft.office.plist;%%users.homedir%%/Library/Containers/com.microsoft.*/Data/Library/Preferences/com.microsoft.*.securebookmarks.plist,Microsoft Office Most Recently Used,applications.yaml
REGISTRY_VALUE,MicrosoftOfficeMRU,HKEY_USERS\%%users.sid%%\Software\Microsoft\Office\*\*\Place MRU;Item *,Microsoft Office Most Recently Used,applications.yaml
FILE,MicrosoftOutlookPABFiles,%%users.homedir%%/AppData/Local/Microsoft/Outlook/*.pab;%%users.homedir%%/Documents/Outlook Files/*.pab,Microsoft Outlook PAB Files,applications.yaml
FILE,MicrosoftOutlookPSTFiles,%%users.homedir%%/AppData/Local/Microsoft/Outlook/*.pst;%%users.homedir%%/Documents/Outlook Files/*.pst,Microsoft Outlook PST Files,applications.yaml
FILE,MicrosoftOutlookOSTFiles,%%users.homedir%%/AppData/Local/Microsoft/Outlook/*.ost;%%users.homedir%%/Documents/Outlook Files/*.ost,Microsoft Outlook OST Files,applications.yaml
REGISTRY_VALUE,WinRARExternalViewer,HKEY_USERS\%%users.sid%%\Software\WinRAR\Viewer\;ExternalViewer,Executable run when a file is opened by WinRAR inside an archive.,applications.yaml
REGISTRY_VALUE,WinRARAVScan,HKEY_USERS\%%users.sid%%\Software\WinRAR\VirusScan\;Name,Executable run to scan a file when it is opened by WinRAR.,applications.yaml
FILE,DropboxClient,%%users.appdata%%\Dropbox\*.db*;%%users.localappdata%%\Dropbox\*.db*,Dropbox cloud storage client artifacts.,cloud_services.yaml
FILE,DropboxClient,%%users.homedir%%/.dropbox/*.db*,Dropbox cloud storage client artifacts.,cloud_services.yaml
FILE,GoogleDriveClient,%%users.localappdata%%\Google\Drive\snapshot.db;%%users.localappdata%%\Google\Drive\sync_config.db;%%users.localappdata%%\Google\Drive\sync_config.log*;%%users.localappdata%%\Google\Drive\user_default\snapshot.db;%%users.localappdata%%\Google\Drive\user_default\sync_config.db;%%users.localappdata%%\Google\Drive\user_default\sync_config.log*,Google Drive cloud storage client artifacts.,cloud_services.yaml
FILE,GoogleDriveClient,%%users.homedir%%/Library/Application Support/Google/Drive/snapshot.db;%%users.homedir%%/Library/Application Support/Google/Drive/sync_config.db;%%users.homedir%%/Library/Application Support/Google/Drive/sync_config.log*;%%users.homedir%%/Library/Application Support/Google/Drive/user_default/snapshot.db;%%users.homedir%%/Library/Application Support/Google/Drive/user_default/sync_config.db;%%users.homedir%%/Library/Application Support/Google/Drive/user_default/sync_config.log*,Google Drive cloud storage client artifacts.,cloud_services.yaml
FILE,SkyDriveClient,%%users.localappdata%%\Microsoft\SkyDrive\logs\*.log;%%users.localappdata%%\Microsoft\SkyDrive\setup\logs\*.log;%%users.localappdata%%\Microsoft\SkyDrive\settings\ApplicationSettings.xml;%%users.localappdata%%\Microsoft\SkyDrive\settings\*.dat;%%users.localappdata%%\Microsoft\SkyDrive\settings\*.ini,Microsoft Sky Drive cloud storage client artifacts.Note that Sky Drive was renamed to One Drive.,cloud_services.yaml
FILE,JavaCacheFiles,%%users.homedir%%/.java/deployment/cache/**,Java Plug-in cache.,java.yaml
FILE,JavaCacheFiles,%%users.homedir%%/Library/Caches/Java/cache/**,Java Plug-in cache.,java.yaml
FILE,JavaCacheFiles,%%users.appdata%%\Sun\Java\Deployment\cache\**;%%users.userprofile%%\AppData\LocalLow\Sun\Java\Deployment\cache\**,Java Plug-in cache.,java.yaml
FILE,KasperskyCaretoWindowsFiles,%%environ_systemroot%%\System32\objframe.dll;%%environ_systemroot%%\System32\shlink32.dll;%%environ_systemroot%%\System32\shlink64.dll;%%environ_systemroot%%\System32\cdllait32.dll;%%environ_systemroot%%\System32\cdllait64.dll;%%environ_systemroot%%\System32\cdlluninstallws32.dll;%%environ_systemroot%%\System32\cdlluninstallws64.dll;%%environ_systemroot%%\System32\cdlluninstallsgh32.dll;%%environ_systemroot%%\System32\cdlluninstallsgh64.dll;%%environ_systemroot%%\System32\c_50225.nls;%%environ_systemroot%%\System32\c_50227.nls;%%environ_systemroot%%\System32\c_50229.nls;%%environ_systemroot%%\System32\c_51932.nls;%%environ_systemroot%%\System32\c_51936.nls;%%environ_systemroot%%\System32\c_51949.nls;%%environ_systemroot%%\System32\c_51950.nls;%%environ_systemroot%%\System32\c_57002.nls;%%environ_systemroot%%\System32\c_57006.nls;%%environ_systemroot%%\System32\c_57008.nls;%%environ_systemroot%%\System32\c_57010.nls;%%environ_systemroot%%\System32\cdgext32.dll;%%environ_systemroot%%\System32\cfgbkmgrs.dll;%%environ_systemroot%%\System32\cfgmgr64.dll;%%environ_systemroot%%\System32\comsvrpcs.dll;%%environ_systemroot%%\System32\d3dx8_20.dll;%%environ_systemroot%%\System32\dllcomm.dll;%%environ_systemroot%%\System32\drivers\wmimgr.sys;%%environ_systemroot%%\System32\drvinfo.bin;%%environ_systemroot%%\System32\FCache.bin;%%environ_systemroot%%\System32\FFExtendedCommand.dll;%%environ_systemroot%%\System32\gpktcsp32.dll;%%environ_systemroot%%\System32\HPQueue.bin;%%environ_systemroot%%\System32\LPQueue.bin;%%environ_systemroot%%\System32\mdwmnsp.dll;%%environ_systemroot%%\System32\rpcdist.dll;%%environ_systemroot%%\System32\scsvrft.dll;%%environ_systemroot%%\System32\sdptbw.dll;%%environ_systemroot%%\System32\slbkbw.dll;%%environ_systemroot%%\System32\skypeie6plugin.dll;%%environ_systemroot%%\System32\wmspdmgr.dll;%%environ_systemroot%%\System32\mfcn30.dll;%%environ_systemroot%%\System32\siiw9x.dll;%%environ_systemroot%%\System32\nmwcdlog.dll;%%environ_systemroot%%\System32\WifiScan.dll;%%environ_systemroot%%\System32\awview32.dll;%%environ_systemroot%%\System32\awcodc32.dll;%%users.temp%%\~DF01AC74D8BE15EE01.tmp;%%users.temp%%\~DF23BF45A473C42B56.tmp;%%users.temp%%\~DFA0528CD81300F372.tmp;%%users.temp%%\~DF8471938479DA49221.tmp;%%users.appdata%%\microsoft\c_27803.nls;%%users.appdata%%\microsoft\objframe.dll;%%users.appdata%%\microsoft\shmgr.dll,Windows Careto IOCs.,kaspersky_careto.yaml
REGISTRY_VALUE,KasperskyCaretoWindowsRegKeys,HKEY_LOCAL_MACHINE\Software\Classes\CLSID\{E6BB64BE-0618-4353-9193-0AFE606D6F0C};InprocServer32,Windows Careto IOCs.,kaspersky_careto.yaml
REGISTRY_VALUE,AllUsersAppDataEnvironmentVariable,HKEY_LOCAL_MACHINE\Software\Microsoft\Windows NT\CurrentVersion\ProfileList;ProgramData,The %ProgramData% environment variable.,legacy.yaml
REGISTRY_KEY,AllUsersProfileEnvironmentVariable,HKEY_LOCAL_MACHINE\Software\Microsoft\Windows NT\CurrentVersion\ProfileList\ProfilesDirectory;HKEY_LOCAL_MACHINE\Software\Microsoft\Windows NT\CurrentVersion\ProfileList\AllUsersProfile,The %AllUsersProfile% environment variable.,legacy.yaml
REGISTRY_VALUE,CurrentControlSet,HKEY_LOCAL_MACHINE\SYSTEM\Select;Current,The control set the system is currently using.,legacy.yaml
REGISTRY_VALUE,ProgramFiles,HKEY_LOCAL_MACHINE\Software\Microsoft\Windows\CurrentVersion;ProgramFilesDir,The %ProgramFiles% environment variable.,legacy.yaml
REGISTRY_VALUE,ProgramFilesx86,HKEY_LOCAL_MACHINE\Software\Microsoft\Windows\CurrentVersion;ProgramFilesDir (x86),The %ProgramFiles (x86)% environment variable.,legacy.yaml
REGISTRY_VALUE,SystemDriveEnvironmentVariable,HKEY_LOCAL_MACHINE\Software\Microsoft\Windows NT\CurrentVersion;SystemRoot,The %SystemDrive% environment variable- usually "C:".This value isn't actually present in the Registry but with some parsing wecan figure it out from SystemRoot.,legacy.yaml
REGISTRY_VALUE,SystemRoot,HKEY_LOCAL_MACHINE\Software\Microsoft\Windows NT\CurrentVersion;SystemRoot,The system root directory path- defined by %SystemRoot%- typically "C:\Windows".,legacy.yaml
REGISTRY_VALUE,TempEnvironmentVariable,HKEY_LOCAL_MACHINE\System\CurrentControlSet\Control\Session Manager\Environment;TEMP,The %TEMP% environment variable.,legacy.yaml
REGISTRY_VALUE,WinCodePage,HKEY_LOCAL_MACHINE\System\CurrentControlSet\Control\Nls\CodePage;ACP,The codepage of the system.,legacy.yaml
REGISTRY_VALUE,WinDirEnvironmentVariable,HKEY_LOCAL_MACHINE\System\CurrentControlSet\Control\Session Manager\Environment;windir,The %WinDir% environment variable.,legacy.yaml
REGISTRY_VALUE,WinDomainName,HKEY_LOCAL_MACHINE\System\CurrentControlSet\Services\Tcpip\Parameters;Domain,The Windows domain the system is connected to.,legacy.yaml
REGISTRY_VALUE,WindowsEnvironmentVariableAllUsersAppData,HKEY_LOCAL_MACHINE\Software\Microsoft\Windows NT\CurrentVersion\ProfileList;ProgramData,The %ProgramData% environment variable.,legacy.yaml
REGISTRY_VALUE,WinPathEnvironmentVariable,HKEY_LOCAL_MACHINE\System\CurrentControlSet\Control\Session Manager\Environment;Path,The %PATH% environment variable.,legacy.yaml
REGISTRY_VALUE,WinTimeZone,HKEY_LOCAL_MACHINE\System\CurrentControlSet\Control\TimeZoneInformation;StandardName,The timezone of the system in Olson format.,legacy.yaml
FILE,NTFSMFTFiles,%%environ_systemdrive%%\$MFT;%%environ_systemdrive%%\$MFTMirr,The NTFS $MFT and $MFTMirr file system metadata files.GRR collection note: you currently need to specify 'use tsk' and'ignore download size limits' for this artifact to work. This will go away inthe future.,ntfs.yaml
FILE,NTFSLogFile,%%environ_systemdrive%%\$LogFile,The NTFS $LogFile file system metadata file.GRR collection note: you currently need to specify 'use tsk' and'ignore download size limits' for this artifact to work. This will go away inthe future.,ntfs.yaml
FILE,TomcatLogFiles,%%environ_allusersappdata%%\Apache Software Foundation\Tomcat*\logs\**\access_log*;%%environ_allusersappdata%%\Apache Software Foundation\Tomcat*\logs\access_log*;%%environ_allusersappdata%%\Apache Software Foundation\Tomcat*\logs\**\catalina.out;%%environ_allusersappdata%%\Apache Software Foundation\Tomcat*\logs\catalina.out;%%environ_programfiles%%\Apache Software Foundation\Tomcat*\logs\**\access_log*;%%environ_programfiles%%\Apache Software Foundation\Tomcat*\logs\access_log*;%%environ_programfiles%%\Apache Software Foundation\Tomcat*\logs\**\catalina.out;%%environ_programfiles%%\Apache Software Foundation\Tomcat*\logs\catalina.out;%%environ_programfilesx86%%\Apache Software Foundation\Tomcat*\logs\**\access_log*;%%environ_programfilesx86%%\Apache Software Foundation\Tomcat*\logs\access_log*;%%environ_programfilesx86%%\Apache Software Foundation\Tomcat*\logs\**\catalina.out;%%environ_programfilesx86%%\Apache Software Foundation\Tomcat*\logs\catalina.out,Tomcat log files.,tomcat.yaml
FILE,TomcatLogFiles,/opt/tomcat*/logs/**/access_log*;/opt/tomcat*/logs/access_log*;/opt/tomcat*/logs/**/catalina.out;/opt/tomcat*/logs/catalina.out;/usr/local/tomcat*/logs/**/access_log*;/usr/local/tomcat*/logs/access_log*;/usr/local/tomcat*/logs/**/catalina.out;/usr/local/tomcat*/logs/catalina.out;/usr/share/tomcat*/logs/**/access_log*;/usr/share/tomcat*/logs/access_log*;/usr/share/tomcat*/logs/**/catalina.out;/usr/share/tomcat*/logs/catalina.out;/var/lib/tomcat*/logs/**/access_log*;/var/lib/tomcat*/logs/access_log*;/var/lib/tomcat*/logs/**/catalina.out;/var/lib/tomcat*/logs/catalina.out,Tomcat log files.,tomcat.yaml
FILE,TomcatLogFiles,/Library/Tomcat/logs/**/access_log*;/Library/Tomcat/logs/access_log*;/Library/Tomcat/logs/**/catalina.out;/Library/Tomcat/logs/catalina.out;/usr/local/apache-tomcat*/logs/**/access_log*;/usr/local/apache-tomcat*/logs/access_log*;/usr/local/apache-tomcat*/logs/**/catalina.out;/usr/local/apache-tomcat*/logs/catalina.out;/usr/local/Cellar/tomcat*/logs/**/access_log*;/usr/local/Cellar/tomcat*/logs/access_log*;/usr/local/Cellar/tomcat*/logs/**/catalina.out;/usr/local/Cellar/tomcat*/logs/catalina.out,Tomcat log files.,tomcat.yaml
FILE,TomcatPasswordFile,%%environ_allusersappdata%%\Apache Software Foundation\Tomcat*\conf\tomcat-users.xml;%%environ_programfiles%%\Apache Software Foundation\Tomcat*\conf\tomcat-users.xml;%%environ_programfilesx86%%\Apache Software Foundation\Tomcat*\conf\tomcat-users.xml,Tomcat password file.,tomcat.yaml
FILE,TomcatPasswordFile,/opt/tomcat*/conf/tomcat-users.xml;/private/var/lib/tomcat*/conf/tomcat-users.xml;/usr/local/tomcat*/conf/tomcat-users.xml;/usr/share/tomcat*/conf/tomcat-users.xml;/var/lib/tomcat*/conf/tomcat-users.xml,Tomcat password file.,tomcat.yaml
FILE,TomcatPasswordFile,/Library/Tomcat/conf/tomcat-users.xml;/usr/local/apache-tomcat-*/conf/tomcat-users.xml;/usr/local/Cellar/tomcat/*/conf/tomcat-users.xml,Tomcat password file.,tomcat.yaml
FILE,ChromeCache,%%users.localappdata%%\Google\Chrome\User Data\*\Application Cache\Cache\*;%%users.localappdata%%\Google\Chrome\User Data\*\Cache\*;%%users.localappdata%%\Google\Chrome\User Data\*\Media Cache\*;%%users.localappdata%%\Google\Chrome\User Data\*\GPUCache\*;%%users.localappdata%%\Google\Chrome SxS\User Data\*\Application Cache\Cache\*;%%users.localappdata%%\Google\Chrome SxS\User Data\*\Cache\*;%%users.localappdata%%\Google\Chrome SxS\User Data\*\Media Cache\*;%%users.localappdata%%\Google\Chrome SxS\User Data\*\GPUCache\*;%%users.localappdata%%\Chromium\User Data\*\Application Cache\Cache\*;%%users.localappdata%%\Chromium\User Data\*\Cache\*;%%users.localappdata%%\Chromium\User Data\*\Media Cache\*;%%users.localappdata%%\Chromium\User Data\*\GPUCache\*,Google Chrome- Canary and Chromium browser caches.Canary uses "Chrome SxS" on windows.* Disk cache (or Cache)* Media cache* Application cache* GPU shader cache* PNaCl translation cache,webbrowser.yaml
FILE,ChromeCache,%%users.homedir%%/Caches/Google/Chrome/*/Cache/*;%%users.homedir%%/Library/Caches/Google/Chrome/*/Cache/*;%%users.homedir%%/Library/Caches/Google/Chrome/*/Media Cache/*;%%users.homedir%%/Library/Application Support/Google/Chrome/*/Application Cache/Cache/*;%%users.homedir%%/Library/Application Support/Google/Chrome/*/GPUCache/*;%%users.homedir%%/Library/Caches/Google/Chrome/PnaclTranslationCache/*;%%users.homedir%%/Caches/Google/Chrome Canary/*/Cache/*;%%users.homedir%%/Library/Caches/Google/Chrome Canary/*/Cache/*;%%users.homedir%%/Library/Caches/Google/Chrome Canary/*/Media Cache/*;%%users.homedir%%/Library/Application Support/Google/Chrome Canary/*/Application Cache/Cache/*;%%users.homedir%%/Library/Application Support/Google/Chrome Canary/*/GPUCache/*;%%users.homedir%%/Library/Caches/Google/Chrome Canary/PnaclTranslationCache/*;%%users.homedir%%/Caches/Chromium/*/Cache/*;%%users.homedir%%/Library/Caches/Chromium/*/Cache/*;%%users.homedir%%/Library/Caches/Chromium/*/Media Cache/*;%%users.homedir%%/Library/Application Support/Chromium/*/Application Cache/Cache/*;%%users.homedir%%/Library/Application Support/Chromium/*/GPUCache/*;%%users.homedir%%/Library/Caches/Chromium/PnaclTranslationCache/*,Google Chrome- Canary and Chromium browser caches.Canary uses "Chrome SxS" on windows.* Disk cache (or Cache)* Media cache* Application cache* GPU shader cache* PNaCl translation cache,webbrowser.yaml
FILE,ChromeCache,%%users.homedir%%/.cache/google-chrome/Cache/*;%%users.homedir%%/.cache/google-chrome/*/Cache/*;%%users.homedir%%/.cache/google-chrome/*/Media Cache/*;%%users.homedir%%/.cache/google-chrome/PnaclTranslationCache/*;%%users.homedir%%/.config/google-chrome/*/Application Cache/*;%%users.homedir%%/.config/google-chrome/*/Cache/*;%%users.homedir%%/.config/google-chrome/*/Media Cache/*;%%users.homedir%%/.config/google-chrome/*/GPUCache/*;%%users.homedir%%/.cache/chromium/Cache/*;%%users.homedir%%/.cache/chromium/*/Cache/*;%%users.homedir%%/.cache/chromium/*/Media Cache/*;%%users.homedir%%/.cache/chromium/PnaclTranslationCache/*;%%users.homedir%%/.config/chromium/*/Application Cache/*;%%users.homedir%%/.config/chromium/*/Cache/*;%%users.homedir%%/.config/chromium/*/Media Cache/*;%%users.homedir%%/.config/chromium/*/GPUCache/*,Google Chrome- Canary and Chromium browser caches.Canary uses "Chrome SxS" on windows.* Disk cache (or Cache)* Media cache* Application cache* GPU shader cache* PNaCl translation cache,webbrowser.yaml
FILE,ChromeHistory,%%users.localappdata%%\Google\Chrome\User Data\*\Archived History;%%users.localappdata%%\Google\Chrome\User Data\*\History;%%users.localappdata%%\Google\Chrome SxS\User Data\*\Archived History;%%users.localappdata%%\Google\Chrome SxS\User Data\*\History;%%users.localappdata%%\Chromium\User Data\*\Archived History;%%users.localappdata%%\Chromium\User Data\*\History,Chrome browser history.,webbrowser.yaml
FILE,ChromeHistory,%%users.homedir%%/Library/Application Support/Google/Chrome/*/Archived History;%%users.homedir%%/Library/Application Support/Google/Chrome/*/History;%%users.homedir%%/Library/Application Support/Google/Chrome Canary/*/Archived History;%%users.homedir%%/Library/Application Support/Google/Chrome Canary/*/History;%%users.homedir%%/Library/Application Support/Chromium/*/Archived History;%%users.homedir%%/Library/Application Support/Chromium/*/History,Chrome browser history.,webbrowser.yaml
FILE,ChromeHistory,%%users.homedir%%/.config/google-chrome/*/Archived History;%%users.homedir%%/.config/google-chrome/*/History;%%users.homedir%%/.config/chromium/*/Archived History;%%users.homedir%%/.config/chromium/*/History,Chrome browser history.,webbrowser.yaml
FILE,ChromeExtensionActivity,%%users.localappdata%%\Google\Chrome\User Data\*\Extension Activity;%%users.localappdata%%\Google\Chrome SxS\User Data\*\Extension Activity;%%users.localappdata%%\Chromium\User Data\*\Extension Activity,Chrome Extension Activity database.,webbrowser.yaml
FILE,ChromeExtensionActivity,%%users.homedir%%/Library/Application Support/Google/Chrome/*/Extension Activity;%%users.homedir%%/Library/Application Support/Google/Chrome Canary/*/Extension Activity;%%users.homedir%%/Library/Application Support/Chromium/*/Extension Activity,Chrome Extension Activity database.,webbrowser.yaml
FILE,ChromeExtensionActivity,%%users.homedir%%/.config/google-chrome/*/Extension Activity;%%users.homedir%%/.config/chromium/*/Extension Activity,Chrome Extension Activity database.,webbrowser.yaml
FILE,ChromeExtensions,%%users.localappdata%%\Google\Chrome\User Data\*\Extensions\**10;%%users.localappdata%%\Chromium\User Data\*\Extensions\**10;%%users.localappdata%%\Google\Chrome SxS\User Data\*\Extensions\**10,Chrome browser extension files.,webbrowser.yaml
FILE,ChromeExtensions,%%users.homedir%%/Library/Application Support/Google/Chrome/*/Extensions/**10;%%users.homedir%%/Library/Application Support/Chromium/*/Extensions/**10;%%users.homedir%%/Library/Application Support/Google/Chrome Canary/*/Extensions/**10,Chrome browser extension files.,webbrowser.yaml
FILE,ChromeExtensions,%%users.homedir%%/.config/google-chrome/*/Extensions/**10;%%users.homedir%%/.config/google-chrome-beta/*/Extensions/**10;%%users.homedir%%/.config/chromium/*/Extensions/**10,Chrome browser extension files.,webbrowser.yaml
REGISTRY_KEY,ChromeExtensionRegistryKeys,HKEY_LOCAL_MACHINE\Software\Google\Chrome\Extensions\**5;HKEY_LOCAL_MACHINE\Software\Wow6432Node\Google\Chrome\Extensions\**5,Chrome extensions installed by writing windows registry keys.,webbrowser.yaml
FILE,ChromePreferences,%%users.localappdata%%\Google\Chrome\User Data\*\Preferences;%%users.localappdata%%\Google\Chrome SxS\User Data\*\Preferences;%%users.localappdata%%\Chromium\User Data\*\Preferences,Chrome Preferences file.,webbrowser.yaml
FILE,ChromePreferences,%%users.homedir%%/Library/Application Support/Google/Chrome/*/Preferences;%%users.homedir%%/Library/Application Support/Google/Chrome Canary/*/Preferences;%%users.homedir%%/Library/Application Support/Chromium/*/Preferences,Chrome Preferences file.,webbrowser.yaml
FILE,ChromePreferences,%%users.homedir%%/.config/google-chrome/*/Preferences;%%users.homedir%%/.config/chromium/*/Preferences,Chrome Preferences file.,webbrowser.yaml
FILE,FirefoxCache,%%users.localappdata%%\Mozilla\Firefox\Profiles\*.default\Cache\*;%%users.localappdata%%\Mozilla\Firefox\Profiles\*.default\cache2\*;%%users.localappdata%%\Mozilla\Firefox\Profiles\*.default\cache2\doomed\*;%%users.localappdata%%\Mozilla\Firefox\Profiles\*.default\cache2\entries\*,Mozilla Firefox browser caches.,webbrowser.yaml
FILE,FirefoxCache,%%users.homedir%%/Library/Caches/Firefox/Profiles/*.default/Cache/*;%%users.homedir%%/Library/Caches/Firefox/Profiles/*.default/cache2/*;%%users.homedir%%/Library/Caches/Firefox/Profiles/*.default/cache2/doomed/*;%%users.homedir%%/Library/Caches/Firefox/Profiles/*.default/cache2/entries/*,Mozilla Firefox browser caches.,webbrowser.yaml
FILE,FirefoxCache,%%users.homedir%%/.mozilla/firefox/*.default/Cache/*;%%users.homedir%%/.cache/mozilla/firefox/*.default/Cache/*;%%users.homedir%%/.cache/mozilla/firefox/*.default/cache2/*;%%users.homedir%%/.cache/mozilla/firefox/*.default/cache2/doomed/*;%%users.homedir%%/.cache/mozilla/firefox/*.default/cache2/entries/*,Mozilla Firefox browser caches.,webbrowser.yaml
FILE,FirefoxHistory,%%users.localappdata%%\Mozilla\Firefox\Profiles\*\places.sqlite;%%users.appdata%%\Mozilla\Firefox\Profiles\*\places.sqlite,Firefox browser history (places.sqlite).,webbrowser.yaml
FILE,FirefoxHistory,%%users.homedir%%/Library/Application Support/Firefox/Profiles/*/places.sqlite,Firefox browser history (places.sqlite).,webbrowser.yaml
FILE,FirefoxHistory,%%users.homedir%%/.mozilla/firefox/*/places.sqlite,Firefox browser history (places.sqlite).,webbrowser.yaml
REGISTRY_KEY,InternetExplorerBrowserHelperObjects,HKEY_LOCAL_MACHINE\Software\Microsoft\Windows\CurrentVersion\Explorer\Browser Helper Objects\*;HKEY_LOCAL_MACHINE\Software\Wow6432Node\Microsoft\Windows\CurrentVersion\Explorer\Browser Helper Objects\*,Loaded on Internet Explorer startup,webbrowser.yaml
FILE,InternetExplorerCache,%%users.localappdata%%\Microsoft\Windows\Temporary Internet Files\Content.IE5\*\*;%%users.localappdata%%\Microsoft\Windows\Temporary Internet Files\Low\Content.IE5\*\*;%%users.localappdata%%\Microsoft\Windows\INetCache\IE\*\*;%%users.localappdata%%\Microsoft\Windows\INetCache\Low\*\*,Microsoft Internet Explorer (MSIE) browser cache.* MSIE 4 - 9 Temporary Internet files.* MSIE 10 INetCache files.,webbrowser.yaml
FILE,InternetExplorerCookies,%%users.appdata%%\Microsoft\Windows\Cookies\index.dat;%%users.appdata%%\Microsoft\Windows\Cookies\Low\index.dat,Microsoft Internet Explorer (MSIE) browser cookies.* MSIE 4 - 9 Cache files (index.dat),webbrowser.yaml
FILE,InternetExplorerHistory,%%users.appdata%%\Microsoft\Windows\IEDownloadHistory\index.dat;%%users.localappdata%%\Microsoft\Feeds Cache\index.dat;%%users.localappdata%%\Microsoft\Windows\History\History.IE5\*\index.dat;%%users.localappdata%%\Microsoft\Windows\History\History.IE5\index.dat;%%users.localappdata%%\Microsoft\Windows\History\Low\History.IE5\*\index.dat;%%users.localappdata%%\Microsoft\Windows\History\Low\History.IE5\index.dat;%%users.localappdata%%\Microsoft\Windows\Temporary Internet Files\Content.IE5\index.dat;%%users.localappdata%%\Microsoft\Windows\Temporary Internet Files\Low\Content.IE5\index.dat;%%users.localappdata%%\Microsoft\Windows\WebCache\WebCacheV*.dat,Microsoft Internet Explorer (MSIE) browser history.* MSIE 4 - 9 Cache files (index.dat);* MSIE 10 WebCacheV*.dat files.,webbrowser.yaml
REGISTRY_VALUE,InternetExplorerProtectedModeElevationPolicies,HKEY_USERS\%%users.sid%%\Software\Microsoft\Internet Explorer\Low Rights\ElevationPolicy\*;CLSID,Trust levels of apps launched from low rights IE sessions.The ElevationPolicy dictates how IE handles applications that want to executein other applications that reside outside of the Low Rights IE session.* AppName is the executable* AppPath is the directory* CLSID is used if it launches a COM server through CoCreateInstance* Policy (DWORD) is the trust level- of 0 through 3.* 3 Protected Mode silently launches the broker as a medium integrity process.* 2 Protected Mode prompts the user for permission to launch the process. If    permission is granted- the process is launched as a medium integrity process.* 1 Protected Mode silently launches the broker as a low integrity process.* 0 Protected Mode prevents the process from launching.,webbrowser.yaml
REGISTRY_KEY,InternetExplorerProtectedModeDisable,HKEY_USERS\%%users.sid%%\Software\Microsoft\Internet Explorer\Main\NoProtectedModeBanner,Microsoft Internet Explorer (MSIE) Protected Mode Banner can be suppressedby setting NoProtectedModeBanner.* Applies to versions 7-11,webbrowser.yaml
REGISTRY_VALUE,InternetExplorer6Settings,HKEY_USERS\%%users.sid%%\Software\Microsoft\Internet Explorer\Main;Search Bar,Registry keys affecting default behavior for Microsoft Internet Explorer 6.,webbrowser.yaml
REGISTRY_KEY,InternetExplorerTypedURLsKeys,HKEY_USERS\%%users.sid%%\Software\Microsoft\Internet Explorer\TypedURLs\*,Microsoft Internet Explorer TypedUrls keys.,webbrowser.yaml
FILE,OperaHistory,%%users.homedir%%/Library/Opera/global_history.dat,Opera browser history (global_history.dat).,webbrowser.yaml
FILE,OperaHistory,%%users.homedir%%/.opera/global_history.dat,Opera browser history (global_history.dat).,webbrowser.yaml
FILE,OperaHistory,%%users.appdata%%\Opera\Opera\global_history.dat;%%users.appdata%%\Opera Software\Opera Stable\History,Opera browser history (global_history.dat).,webbrowser.yaml
FILE,SafariCache,%%users.localappdata%%\Apple Computer\Safari\cache.db,Safari browser cache (cache.db).,webbrowser.yaml
FILE,SafariCache,%%users.homedir%%/Library/Caches/com.apple.Safari/cache.db,Safari browser cache (cache.db).,webbrowser.yaml
FILE,SafariDownloads,%%users.homedir%%/Library/Safari/Downloads.plist,Safari downloads history (Downloads.plist).,webbrowser.yaml
FILE,SafariDownloads,%%users.localappdata%%\Apple Computer\Safari\Downloads.plist;%%users.appdata%%\Apple Computer\Safari\Downloads.plist,Safari downloads history (Downloads.plist).,webbrowser.yaml
FILE,SafariHistory,%%users.localappdata%%\Apple Computer\Safari\History.plist;%%users.appdata%%\Apple Computer\Safari\History.plist,Safari browser history (History.plist).,webbrowser.yaml
FILE,SafariHistory,%%users.homedir%%/Library/Safari/History.plist;%%users.homedir%%/Library/Safari/History.db;%%users.homedir%%/Library/Safari/History.db-wal,Safari browser history (History.plist).,webbrowser.yaml
REGISTRY_KEY,WindowsActiveDesktop,HKEY_USERS\%%users.sid%%\Software\Microsoft\Internet Explorer\Desktop\Components\*;HKEY_USERS\%%users.sid%%\Software\Microsoft\Internet Explorer\Desktop\General,Windows Active Desktop executable paths- used for persistence.,windows.yaml
FILE,WindowsActivitiesCache,%%users.localappdata%%\ConnectedDevicesPlatform\L.%%users.username%%\ActivitiesCache.db,Windows activities cache SQLite database.This file is available since Windows 10 and version 1803.,windows.yaml
REGISTRY_VALUE,WindowsAlternateShell,HKEY_LOCAL_MACHINE\System\CurrentControlSet\Control\SafeBoot\Option;UseAlternateShell,Alternate Shell to be run via Userinit.,windows.yaml
FILE,WindowsAMCacheHveFile,%%environ_systemroot%%\AppCompat\Programs\Amcache.hve,The AMCache.hve Windows NT Registry file.,windows.yaml
REGISTRY_KEY,WindowsAppCertDLLs,HKEY_LOCAL_MACHINE\System\CurrentControlSet\Control\Session Manager\AppCertDLLs,Windows AppCertDLLs persistence.,windows.yaml
REGISTRY_VALUE,WindowsAppCompatCache,HKEY_LOCAL_MACHINE\System\CurrentControlSet\Control\Session Manager\AppCompatCache;AppCompatCache,Windows Application Compatibility Cache,windows.yaml
REGISTRY_VALUE,WindowsAppInitDLLs,HKEY_USERS\%%users.sid%%\Software\Wow6432Node\Microsoft\Windows NT\CurrentVersion\Windows;AppInit_DLLs,Windows Application Initial (AppInit) DLLs persistence.AppInit DLLs is a mechanism that allows an arbitrary list of DLLs to be loadedinto each user mode process on the system.,windows.yaml
REGISTRY_KEY,WindowsApplicationRegistration,HKEY_LOCAL_MACHINE\Software\Microsoft\Windows\CurrentVersion\App Paths\*;HKEY_LOCAL_MACHINE\Software\Wow6432Node\Microsoft\Windows\CurrentVersion\App Paths\*,Windows Application Registration (AppPath) Registry keys.,windows.yaml
FILE,WinAppXRT,%%environ_systemroot%%\system32\WinAppXRT.dll;%%environ_systemroot%%\WinAppXRT.dll;%%environ_systemroot%%\System32\Wbem\WinAppXRT.dll;%%environ_systemroot%%\System32\WindowsPowerShell\v1.0\WinAppXRT.dll,WinAppXRT DLL loaded by .Net applications when the APPX_PROCESS environment variable is set.,windows.yaml
FILE,WindowsAutoexecBat,%%environ_systemdrive%%\autoexec.bat;%%environ_windir%%\autoexec.nt,Windows autoexec.bat file,windows.yaml
REGISTRY_VALUE,WindowsAutomaticDebugging,HKEY_LOCAL_MACHINE\Software\Microsoft\Windows NT\CurrentVersion\AeDebug;Debugger,Windows automatic debugging (Aedebug),windows.yaml
REGISTRY_KEY,WindowsAutomaticDebuggingExclusionList,HKEY_LOCAL_MACHINE\Software\Microsoft\Windows NT\CurrentVersion\AutoExclusionList\*,Windows automatic debugging (Aedebug) exclusion list,windows.yaml
FILE,WindowsAutorun,%%environ_systemdrive%%\autorun.inf,Filebased Tests.,windows.yaml
REGISTRY_KEY,WindowsAvailableTimeZones,HKEY_LOCAL_MACHINE\Software\Microsoft\Windows NT\CurrentVersion\Time Zones\*\*,Timezones available on a Windows system.,windows.yaml
FILE,WindowsBITSQueueManagerDatabases,%%environ_allusersprofile%%\Microsoft\Network\Downloader\qmgr*.dat,Databases that contain the Windows BITS jobs definition and state.,windows.yaml
REGISTRY_VALUE,WindowsBootVerificationProgram,HKEY_LOCAL_MACHINE\System\CurrentControlSet\Control\BootVerificationProgram;ImagePath,Path to custom startup verification program.,windows.yaml
FILE,WindowsCIMRepositoryFiles,%%environ_windir%%\System\Wbem\Repository\cim.rep;%%environ_systemroot%%\System32\wbem\Repository\CIM.REC;%%environ_systemroot%%\System32\wbem\Repository\CIM.REP;%%environ_systemroot%%\System32\wbem\Repository\INDEX.BTR;%%environ_systemroot%%\System32\wbem\Repository\INDEX.MAP;%%environ_systemroot%%\System32\wbem\Repository\MAPPING.VER;%%environ_systemroot%%\System32\wbem\Repository\MAPPING[1-3].MAP;%%environ_systemroot%%\System32\wbem\Repository\OBJECTS.DATA;%%environ_systemroot%%\System32\wbem\Repository\OBJECTS.MAP;%%environ_systemroot%%\System32\wbem\Repository\FS\INDEX.BTR;%%environ_systemroot%%\System32\wbem\Repository\FS\INDEX.MAP;%%environ_systemroot%%\System32\wbem\Repository\FS\MAPPING.VER;%%environ_systemroot%%\System32\wbem\Repository\FS\MAPPING[1-2].MAP;%%environ_systemroot%%\System32\wbem\Repository\FS\OBJECTS.DATA;%%environ_systemroot%%\System32\wbem\Repository\FS\OBJECTS.MAP,Windows Common Information Model (CIM) repository.Persistent database that holds the schema- also called the object repository or class store-that models the managed environment and defines every piece of data exposed by WMI.This definition does not specify the copies of the CIM repository that are stored in system restore points.,windows.yaml
REGISTRY_VALUE,WindowsCodePage,HKEY_LOCAL_MACHINE\System\CurrentControlSet\Control\Nls\CodePage;ACP,The code page of the system.,windows.yaml
REGISTRY_VALUE,WindowsComputerName,HKEY_LOCAL_MACHINE\System\CurrentControlSet\Control\ComputerName\ComputerName;ComputerName,The name of the system.,windows.yaml
REGISTRY_VALUE,WindowsCommandProcessorAutoRun,HKEY_USERS\%%users.sid%%\Software\Wow6432Node\Microsoft\Command Processor;AutoRun,Commands that are run each time the Command Processor (Cmd.exe) is started.,windows.yaml
REGISTRY_VALUE,WindowsCOMInprocHandlers,HKEY_USERS\%%users.sid%%\Software\Classes\Wow6432Node\CLSID\*;InprocHandler32,Windows COM in-process handlers,windows.yaml
REGISTRY_VALUE,WindowsCOMInprocServers,HKEY_USERS\%%users.sid%%\Software\Classes\Wow6432Node\CLSID\*\InprocServer32;,Windows COM in-process servers,windows.yaml
REGISTRY_VALUE,WindowsCOMLocalServers,HKEY_USERS\%%users.sid%%\Software\Classes\Wow6432Node\CLSID\*\LocalServer32;ServerExecutable,Windows COM local servers,windows.yaml
REGISTRY_VALUE,WindowsCOMRegisteredTypeLibraries,HKEY_USERS\%%users.sid%%\Software\Classes\Wow6432Node\Typelib\*\*\*\*;,Windows COM registered type libraries,windows.yaml
FILE,WindowsConfigSys,%%environ_systemdrive%%\config.sys;%%environ_windir%%\config.nt,Windows config.sys file,windows.yaml
REGISTRY_KEY,WindowsControlPanelFilePaths,HKEY_LOCAL_MACHINE\Software\Microsoft\Windows\CurrentVersion\Control Panel\CPLs;HKEY_LOCAL_MACHINE\Software\Wow6432Node\Microsoft\Windows\CurrentVersion\Control Panel\CPLs;HKEY_USERS\%%users.sid%%\Software\Microsoft\Windows\CurrentVersion\Control Panel\CPLs;HKEY_USERS\%%users.sid%%\Software\Wow6432Node\Microsoft\Windows\CurrentVersion\Control Panel\CPLs,DLLs listed here will be run when the user opens the Windows Control Panel.,windows.yaml
REGISTRY_KEY,WindowsCredentialProviderFilters,HKEY_LOCAL_MACHINE\Software\Microsoft\Windows\CurrentVersion\Authentication\Credential Provider Filters\*;HKEY_LOCAL_MACHINE\Software\Wow6432Node\Microsoft\Windows\CurrentVersion\Authentication\Credential Provider Filters\*,Windows Credential Provider Filters,windows.yaml
REGISTRY_KEY,WindowsCredentialProviders,HKEY_LOCAL_MACHINE\Software\Microsoft\Windows\CurrentVersion\Authentication\Credential Providers\*;HKEY_LOCAL_MACHINE\Software\Wow6432Node\Microsoft\Windows\CurrentVersion\Authentication\Credential Providers\*,CLSIDs of applications to use as Credential Providers,windows.yaml
FILE,WindowsCommonFilePlacementAttacks,%%environ_programfiles%%\Internet Explorer\sxs.dll;%%environ_programfilesx86%%\Internet Explorer\sxs.dll;%%environ_systemdrive%%\explorer.exe;%%environ_systemdrive%%\program.exe;%%environ_systemroot%%\linkinfo.dll;%%environ_systemroot%%\ntshrui.dll;%%environ_systemroot%%\System32\oci.dll;%%environ_systemroot%%\System32\sysprep\cryptbase.dll;%%environ_systemroot%%\SysWOW64\oci.dll;%%environ_systemroot%%\SysWOW64\sysprep\cryptbase.dll,Common files associated with search order hijacking and other file placement attacks.,windows.yaml
REGISTRY_VALUE,WindowsCurrentVersion,HKEY_LOCAL_MACHINE\Software\Microsoft\Windows NT\CurrentVersion;CurrentVersion,The Windows current verson,windows.yaml
REGISTRY_VALUE,WindowsDebugger,HKEY_USERS\%%users.sid%%\Software\Wow6432Node\Microsoft\Windows NT\CurrentVersion\Image File Execution Options\*;Debugger,Windows Debugger peristence or AV disable.,windows.yaml
REGISTRY_VALUE,WindowsDomainName,HKEY_LOCAL_MACHINE\System\CurrentControlSet\Services\Tcpip\Parameters;Domain,The domain the system is connected to.,windows.yaml
REGISTRY_VALUE,WindowsEnvironmentUserLoginScripts,HKEY_USERS\%%users.sid%%\Environment;UserInitMprLogonScript,User login scripts configured via Windows environment variables.,windows.yaml
REGISTRY_VALUE,WindowsEnvironmentVariableAllUsersProfile,HKEY_LOCAL_MACHINE\Software\Microsoft\Windows NT\CurrentVersion\ProfileList;AllUsersProfile,The %AllUsersProfile% environment variableMay or may not depend on registry keys - see urls,windows.yaml
REGISTRY_VALUE,WindowsEnvironmentVariableAppxProcess,HKEY_USERS\%%users.sid%%\Environment;APPX_PROCESS,The %APPX_PROCESS% environment variable.If this variable is set- .NET applications will attempt to load WinAppXRT.dllfrom PATH- which is a potential persistence mechanism.,windows.yaml
REGISTRY_VALUE,WindowsEnvironmentVariablePath,HKEY_LOCAL_MACHINE\System\CurrentControlSet\Control\Session Manager\Environment;Path,The %PATH% environment variable.,windows.yaml
REGISTRY_VALUE,WindowsEnvironmentVariableProfilesDirectory,HKEY_LOCAL_MACHINE\Software\Microsoft\Windows NT\CurrentVersion\ProfileList;ProfilesDirectory,Folder that typically contains users' profile directories; default is '%SystemDrive%\Users',windows.yaml
REGISTRY_VALUE,WindowsEnvironmentVariableProgramData,HKEY_LOCAL_MACHINE\Software\Microsoft\Windows NT\CurrentVersion\ProfileList;ProgramData,The %ProgramData% environment variable.,windows.yaml
REGISTRY_VALUE,WindowsEnvironmentVariableProgramFiles,HKEY_LOCAL_MACHINE\Software\Microsoft\Windows\CurrentVersion;ProgramFilesDir,The %ProgramFiles% environment variable.,windows.yaml
REGISTRY_VALUE,WindowsEnvironmentVariableProgramFilesX86,HKEY_LOCAL_MACHINE\Software\Microsoft\Windows\CurrentVersion;ProgramFilesDir (x86),The %ProgramFiles(x86)% environment variable.,windows.yaml
REGISTRY_VALUE,WindowsEnvironmentVariableSystemRoot,HKEY_LOCAL_MACHINE\Software\Microsoft\Windows NT\CurrentVersion;SystemRoot,The system root directory path- defined by %SystemRoot%- typically "C:\Windows".,windows.yaml
REGISTRY_VALUE,WindowsEnvironmentVariableTemp,HKEY_LOCAL_MACHINE\System\CurrentControlSet\Control\Session Manager\Environment;TEMP,The %TEMP% environment variable.,windows.yaml
REGISTRY_VALUE,WindowsEnvironmentVariableWinDir,HKEY_LOCAL_MACHINE\System\CurrentControlSet\Control\Session Manager\Environment;windir,The %WinDir% environment variable.,windows.yaml
FILE,WindowsEventLogApplication,%%environ_systemroot%%\System32\winevt\Logs\AppEvent.evt,Application Windows Event Log.,windows.yaml
FILE,WindowsEventLogSecurity,%%environ_systemroot%%\System32\winevt\Logs\SecEvent.evt,Security Windows Event Log.,windows.yaml
FILE,WindowsEventLogSystem,%%environ_systemroot%%\System32\winevt\Logs\SysEvent.evt,System Windows Event Log.,windows.yaml
FILE,WindowsXMLEventLogApplication,%%environ_systemroot%%\System32\winevt\Logs\Application.evtx,Application Windows XML Event Log.,windows.yaml
FILE,WindowsXMLEventLogSecurity,%%environ_systemroot%%\System32\winevt\Logs\Security.evtx,Security Windows XML Event Log.,windows.yaml
FILE,WindowsXMLEventLogSysmon,%%environ_systemroot%%\System32\winevt\Logs\Microsoft-Windows-Sysmon%4Operational.evtx,Sysmon Windows XML Event Log.,windows.yaml
FILE,WindowsXMLEventLogSystem,%%environ_systemroot%%\System32\winevt\Logs\System.evtx,System Windows XML Event Log.,windows.yaml
FILE,WindowsXMLEventLogTerminalServices,%%environ_systemroot%%\System32\winevt\Logs\Microsoft-Windows-TerminalServices-LocalSessionManager%4Operational.evtx,TerminalServices Windows XML Event Log.,windows.yaml
REGISTRY_VALUE,WindowsExcludeFromKnownDLLs,HKEY_LOCAL_MACHINE\System\CurrentControlSet\Control\Session Manager;ExcludeFromKnownDLLs,ExcludeFromKnownDLLs can be used to bypass search order hijacking protection.,windows.yaml
REGISTRY_VALUE,WindowsExplorerAppKey,HKEY_LOCAL_MACHINE\SOFTWARE\Microsoft\Windows\CurrentVersion\Explorer\AppKey\*;ShellExecute,Handlers for special keys on some keyboards (file path or CLSID).,windows.yaml
REGISTRY_KEY,WindowsExplorerAutoplayHandlers,HKEY_LOCAL_MACHINE\Software\Microsoft\Windows\CurrentVersion\Explorer\AutoplayHandlers\Handlers\*,Handlers for autoplay events in Windows Explorer.,windows.yaml
REGISTRY_VALUE,WindowsExplorerContextMenuHandlers,HKEY_LOCAL_MACHINE\SOFTWARE\Microsoft\Windows\CurrentVersion\Explorer\CommandStore\shell\*\command;DelegateExecute,Handlers for subcommands on context menu,windows.yaml
REGISTRY_KEY,WindowsExplorerNamespaceCommonPlaces,HKEY_LOCAL_MACHINE\Software\Microsoft\Windows\CurrentVersion\Explorer\CommonPlaces\NameSpace;HKEY_LOCAL_MACHINE\Software\Wow6432Node\Microsoft\Windows\CurrentVersion\Explorer\CommonPlaces\NameSpace;HKEY_USERS\%%users.sid%%\Software\Microsoft\Windows\CurrentVersion\Explorer\CommonPlaces\NameSpace;HKEY_USERS\%%users.sid%%\Software\Wow6432Node\Microsoft\Windows\CurrentVersion\Explorer\CommonPlaces\NameSpace;HKEY_LOCAL_MACHINE\Software\Microsoft\Windows\CurrentVersion\Explorer\CommonPlaces\NameSpace\DelegateFolders;HKEY_LOCAL_MACHINE\Software\Wow6432Node\Microsoft\Windows\CurrentVersion\Explorer\CommonPlaces\NameSpace\DelegateFolders;HKEY_USERS\%%users.sid%%\Software\Microsoft\Windows\CurrentVersion\Explorer\CommonPlaces\NameSpace\DelegateFolders;HKEY_USERS\%%users.sid%%\Software\Wow6432Node\Microsoft\Windows\CurrentVersion\Explorer\CommonPlaces\NameSpace\DelegateFolders;HKEY_USERS\%%users.sid%%\Software\Microsoft\Windows\CurrentVersion\Explorer\SessionInfo\*\CommonPlaces\NameSpace;HKEY_USERS\%%users.sid%%\Software\Wow6432Node\Microsoft\Windows\CurrentVersion\Explorer\SessionInfo\*\CommonPlaces\NameSpace;HKEY_USERS\%%users.sid%%\Software\Microsoft\Windows\CurrentVersion\Explorer\SessionInfo\*\CommonPlaces\NameSpace\DelegateFolders;HKEY_USERS\%%users.sid%%\Software\Wow6432Node\Microsoft\Windows\CurrentVersion\Explorer\SessionInfo\*\CommonPlaces\NameSpace\DelegateFolders,CLSIDs listed here are used to populate the Common Places items.,windows.yaml
REGISTRY_KEY,WindowsExplorerNamespaceControlPanel,HKEY_LOCAL_MACHINE\Software\Microsoft\Windows\CurrentVersion\Explorer\ControlPanel\NameSpace;HKEY_USERS\%%users.sid%%\Software\Microsoft\Windows\CurrentVersion\Explorer\ControlPanel\NameSpace;HKEY_LOCAL_MACHINE\Software\Microsoft\Windows\CurrentVersion\Explorer\ControlPanel\NameSpace\DelegateFolders;HKEY_USERS\%%users.sid%%\Software\Microsoft\Windows\CurrentVersion\Explorer\ControlPanel\NameSpace\DelegateFolders;HKEY_USERS\%%users.sid%%\Software\Microsoft\Windows\CurrentVersion\Explorer\SessionInfo\*\ControlPanel\NameSpace;HKEY_USERS\%%users.sid%%\Software\Microsoft\Windows\CurrentVersion\Explorer\SessionInfo\*\ControlPanel\NameSpace\DelegateFolders;HKEY_LOCAL_MACHINE\Software\Microsoft\Windows\CurrentVersion\Explorer\ControlPanelWOW64\NameSpace;HKEY_USERS\%%users.sid%%\Software\Microsoft\Windows\CurrentVersion\Explorer\ControlPanelWOW64\NameSpace;HKEY_LOCAL_MACHINE\Software\Microsoft\Windows\CurrentVersion\Explorer\ControlPanel\NameSpaceWOW64\DelegateFolders;HKEY_USERS\%%users.sid%%\Software\Microsoft\Windows\CurrentVersion\Explorer\ControlPanelWOW64\NameSpace\DelegateFolders;HKEY_USERS\%%users.sid%%\Software\Microsoft\Windows\CurrentVersion\Explorer\SessionInfo\*\ControlPanelWOW64\NameSpace;HKEY_USERS\%%users.sid%%\Software\Microsoft\Windows\CurrentVersion\Explorer\SessionInfo\*\ControlPanelWOW64\NameSpace\DelegateFolders;HKEY_LOCAL_MACHINE\Software\Wow6432Node\Microsoft\Windows\CurrentVersion\Explorer\ControlPanel\NameSpace;HKEY_USERS\%%users.sid%%\Software\Wow6432Node\Microsoft\Windows\CurrentVersion\Explorer\ControlPanel\NameSpace;HKEY_LOCAL_MACHINE\Software\Wow6432Node\Microsoft\Windows\CurrentVersion\Explorer\ControlPanel\NameSpace\DelegateFolders;HKEY_USERS\%%users.sid%%\Software\Wow6432Node\Microsoft\Windows\CurrentVersion\Explorer\ControlPanel\NameSpace\DelegateFolders;HKEY_USERS\%%users.sid%%\Software\Wow6432Node\Microsoft\Windows\CurrentVersion\Explorer\SessionInfo\*\ControlPanel\NameSpace;HKEY_USERS\%%users.sid%%\Software\Wow6432Node\Microsoft\Windows\CurrentVersion\Explorer\SessionInfo\*\ControlPanel\NameSpace\DelegateFolders;HKEY_LOCAL_MACHINE\Software\Wow6432Node\Microsoft\Windows\CurrentVersion\Explorer\ControlPanelWOW64\NameSpace;HKEY_USERS\%%users.sid%%\Wow6432Node\Software\Microsoft\Windows\CurrentVersion\Explorer\SessionInfo\*\ControlPanelWOW64\NameSpace\DelegateFolders,CLSIDs listed here are used to populate the Control Panel items.,windows.yaml
REGISTRY_KEY,WindowsExplorerNamespaceDesktop,HKEY_LOCAL_MACHINE\Software\Microsoft\Windows\CurrentVersion\Explorer\Desktop\NameSpace;HKEY_USERS\%%users.sid%%\Software\Microsoft\Windows\CurrentVersion\Explorer\Desktop\NameSpace;HKEY_LOCAL_MACHINE\Software\Microsoft\Windows\CurrentVersion\Explorer\Desktop\NameSpace\DelegateFolders;HKEY_USERS\%%users.sid%%\Software\Microsoft\Windows\CurrentVersion\Explorer\Desktop\NameSpace\DelegateFolders;HKEY_USERS\%%users.sid%%\Software\Microsoft\Windows\CurrentVersion\Explorer\SessionInfo\*\Desktop\NameSpace;HKEY_USERS\%%users.sid%%\Software\Microsoft\Windows\CurrentVersion\Explorer\SessionInfo\*\Desktop\NameSpace\DelegateFolders;HKEY_LOCAL_MACHINE\Software\Wow6432Node\Microsoft\Windows\CurrentVersion\Explorer\Desktop\NameSpace;HKEY_USERS\%%users.sid%%\Software\Wow6432Node\Microsoft\Windows\CurrentVersion\Explorer\Desktop\NameSpace;HKEY_LOCAL_MACHINE\Software\Microsoft\Wow6432Node\Windows\CurrentVersion\Explorer\Desktop\NameSpace\DelegateFolders;HKEY_USERS\%%users.sid%%\Software\Wow6432Node\Microsoft\Windows\CurrentVersion\Explorer\Desktop\NameSpace\DelegateFolders;HKEY_USERS\%%users.sid%%\Software\Wow6432Node\Microsoft\Windows\CurrentVersion\Explorer\SessionInfo\*\Desktop\NameSpace;HKEY_USERS\%%users.sid%%\Software\Wow6432Node\Microsoft\Windows\CurrentVersion\Explorer\SessionInfo\*\Desktop\NameSpace\DelegateFolders,CLSIDs listed here are used to populate the Desktop items.,windows.yaml
REGISTRY_KEY,WindowsExplorerNamespaceMyComputer,HKEY_LOCAL_MACHINE\Software\Microsoft\Windows\CurrentVersion\Explorer\MyComputer\NameSpace;HKEY_USERS\%%users.sid%%\Software\Microsoft\Windows\CurrentVersion\Explorer\MyComputer\NameSpace;HKEY_LOCAL_MACHINE\Software\Microsoft\Windows\CurrentVersion\Explorer\MyComputer\NameSpace\DelegateFolders;HKEY_USERS\%%users.sid%%\Software\Microsoft\Windows\CurrentVersion\Explorer\MyComputer\NameSpace\DelegateFolders;HKEY_USERS\%%users.sid%%\Software\Microsoft\Windows\CurrentVersion\Explorer\SessionInfo\*\MyComputer\NameSpace;HKEY_USERS\%%users.sid%%\Software\Microsoft\Windows\CurrentVersion\Explorer\SessionInfo\*\MyComputer\NameSpace\DelegateFolders;HKEY_LOCAL_MACHINE\Software\Wow6432Node\Microsoft\Windows\CurrentVersion\Explorer\MyComputer\NameSpace;HKEY_USERS\%%users.sid%%\Software\Wow6432Node\Microsoft\Windows\CurrentVersion\Explorer\MyComputer\NameSpace;HKEY_LOCAL_MACHINE\Software\Microsoft\Wow6432Node\Windows\CurrentVersion\Explorer\MyComputer\NameSpace\DelegateFolders;HKEY_USERS\%%users.sid%%\Software\Wow6432Node\Microsoft\Windows\CurrentVersion\Explorer\MyComputer\NameSpace\DelegateFolders;HKEY_USERS\%%users.sid%%\Software\Wow6432Node\Microsoft\Windows\CurrentVersion\Explorer\SessionInfo\*\MyComputer\NameSpace;HKEY_USERS\%%users.sid%%\Software\Wow6432Node\Microsoft\Windows\CurrentVersion\Explorer\SessionInfo\*\MyComputer\NameSpace\DelegateFolders,CLSIDs listed here are used to populate the MyComputer items.,windows.yaml
REGISTRY_KEY,WindowsExplorerNamespaceNetworkNeighborhood,HKEY_LOCAL_MACHINE\Software\Microsoft\Windows\CurrentVersion\Explorer\NetworkNeighborhood\NameSpace;HKEY_USERS\%%users.sid%%\Software\Microsoft\Windows\CurrentVersion\Explorer\NetworkNeighborhood\NameSpace;HKEY_LOCAL_MACHINE\Software\Microsoft\Windows\CurrentVersion\Explorer\NetworkNeighborhood\NameSpace\DelegateFolders;HKEY_USERS\%%users.sid%%\Software\Microsoft\Windows\CurrentVersion\Explorer\NetworkNeighborhood\NameSpace\DelegateFolders;HKEY_USERS\%%users.sid%%\Software\Microsoft\Windows\CurrentVersion\Explorer\SessionInfo\*\NetworkNeighborhood\NameSpace;HKEY_USERS\%%users.sid%%\Software\Microsoft\Windows\CurrentVersion\Explorer\SessionInfo\*\NetworkNeighborhood\NameSpace\DelegateFolders;HKEY_LOCAL_MACHINE\Software\Wow6432Node\Microsoft\Windows\CurrentVersion\Explorer\NetworkNeighborhood\NameSpace;HKEY_USERS\%%users.sid%%\Software\Wow6432Node\Microsoft\Windows\CurrentVersion\Explorer\NetworkNeighborhood\NameSpace;HKEY_LOCAL_MACHINE\Software\Wow6432Node\Microsoft\Windows\CurrentVersion\Explorer\NetworkNeighborhood\NameSpace\DelegateFolders;HKEY_USERS\%%users.sid%%\Software\Wow6432Node\Microsoft\Windows\CurrentVersion\Explorer\NetworkNeighborhood\NameSpace\DelegateFolders;HKEY_USERS\%%users.sid%%\Software\Wow6432Node\Microsoft\Windows\CurrentVersion\Explorer\SessionInfo\*\NetworkNeighborhood\NameSpace;HKEY_USERS\%%users.sid%%\Software\Wow6432Node\Microsoft\Windows\CurrentVersion\Explorer\SessionInfo\*\NetworkNeighborhood\NameSpace\DelegateFolders,CLSIDs listed here are used to populate the Network Neighborhood items.,windows.yaml
REGISTRY_KEY,WindowsExplorerNamespacePrintersAndFaxes,HKEY_LOCAL_MACHINE\Software\Microsoft\Windows\CurrentVersion\Explorer\PrintersAndFaxes\NameSpace;HKEY_USERS\%%users.sid%%\Software\Microsoft\Windows\CurrentVersion\Explorer\PrintersAndFaxes\NameSpace;HKEY_LOCAL_MACHINE\Software\Microsoft\Windows\CurrentVersion\Explorer\PrintersAndFaxes\NameSpace\DelegateFolders;HKEY_USERS\%%users.sid%%\Software\Microsoft\Windows\CurrentVersion\Explorer\PrintersAndFaxes\NameSpace\DelegateFolders;HKEY_USERS\%%users.sid%%\Software\Microsoft\Windows\CurrentVersion\Explorer\SessionInfo\*\PrintersAndFaxes\NameSpace;HKEY_USERS\%%users.sid%%\Software\Microsoft\Windows\CurrentVersion\Explorer\SessionInfo\*\PrintersAndFaxes\NameSpace\DelegateFolders;HKEY_LOCAL_MACHINE\Software\Wow6432Node\Microsoft\Windows\CurrentVersion\Explorer\PrintersAndFaxes\NameSpace;HKEY_USERS\%%users.sid%%\Software\Wow6432Node\Microsoft\Windows\CurrentVersion\Explorer\PrintersAndFaxes\NameSpace;HKEY_LOCAL_MACHINE\Software\Wow6432Node\Microsoft\Windows\CurrentVersion\Explorer\PrintersAndFaxes\NameSpace\DelegateFolders;HKEY_USERS\%%users.sid%%\Software\Wow6432Node\Microsoft\Windows\CurrentVersion\Explorer\PrintersAndFaxes\NameSpace\DelegateFolders;HKEY_USERS\%%users.sid%%\Software\Wow6432Node\Microsoft\Windows\CurrentVersion\Explorer\SessionInfo\*\PrintersAndFaxes\NameSpace;HKEY_USERS\%%users.sid%%\Software\Wow6432Node\Microsoft\Windows\CurrentVersion\Explorer\SessionInfo\*\PrintersAndFaxes\NameSpace\DelegateFolders,CLSIDs listed here are used to populate the Printer and Fax items.,windows.yaml
REGISTRY_KEY,WindowsFileTypeAutorunAssociations,HKEY_LOCAL_MACHINE\Software\Classes\.*;HKEY_LOCAL_MACHINE\Software\Classes\Wow6432Node\.*;HKEY_USERS\%%users.sid%%\Software\Classes\.*;HKEY_USERS\%%users.sid%%\Software\Classes\Wow6432Node\.*,Registry value for what application class identifier (CLSID) to launch for a file extension.Extension subkeys start with a dot.,windows.yaml
FILE,WindowsFirewallLogFile,%%environ_systemroot%%\System32\logfiles\firewall\pfirewall.log,Windows Firewall default logfile,windows.yaml
COMMAND,WindowsFirewallEnabledRules,netsh.exe;advfirewall monitor show firewall rule name=all,Command to list the enabled Windows Firewall rules.,windows.yaml
COMMAND,WindowsFirewallRules,netsh.exe;advfirewall firewall show rule name=all,Command to list the configured Windows Firewall rules.,windows.yaml
FILE,WindowsGroupPolicyScripts,%%environ_systemroot%%\System32\GroupPolicy\User\Scripts\psscripts.ini;%%environ_systemroot%%\System32\GroupPolicy\User\Scripts\scripts.ini;%%environ_systemroot%%\System32\GroupPolicy\User\Scripts\Logoff\*;%%environ_systemroot%%\System32\GroupPolicy\User\Scripts\Logon\*;%%environ_systemroot%%\System32\GroupPolicy\Machine\Scripts\psscripts.ini;%%environ_systemroot%%\System32\GroupPolicy\Machine\Scripts\scripts.ini;%%environ_systemroot%%\System32\GroupPolicy\Machine\Scripts\Shutdown\*;%%environ_systemroot%%\System32\GroupPolicy\Machine\Scripts\Startup\*,Windows group policy scripts,windows.yaml
FILE,WindowsHostsFiles,%%environ_systemroot%%\System32\Drivers\etc\Lmhosts;%%environ_systemroot%%\System32\Drivers\etc\hosts,The Windows hosts and lmhosts file.,windows.yaml
FILE,WindowsHotkeyReplacement,%%environ_systemroot%%\System32\magnifier.exe;%%environ_systemroot%%\System32\sethc.exe;%%environ_systemroot%%\System32\utilman.exe,Hotkey executable replacement.,windows.yaml
REGISTRY_VALUE,WindowsInstallationDateTime,HKEY_LOCAL_MACHINE\Software\Microsoft\Windows NT\CurrentVersion;InstallDate,Windows installation date and time,windows.yaml
REGISTRY_VALUE,WindowsLogoffScript,HKEY_LOCAL_MACHINE\Software\Policies\Microsoft\Windows\System\Scripts;Logoff,Windows policy logoff script,windows.yaml
REGISTRY_VALUE,WindowsLogonScript,HKEY_LOCAL_MACHINE\Software\Policies\Microsoft\Windows\System\Scripts;Logon,Windows policy logon script,windows.yaml
REGISTRY_VALUE,WindowsLSAAuthenticationPackages,HKEY_LOCAL_MACHINE\System\CurrentControlSet\Control\Lsa\OSConfig;Authentication Packages,Authentication Packages can be injected into LSASS.,windows.yaml
REGISTRY_VALUE,WindowsLSANotificationPackages,HKEY_LOCAL_MACHINE\System\CurrentControlSet\Control\Lsa\OSConfig;Notification Packages,Notification Packages can be injected into LSASS.,windows.yaml
REGISTRY_VALUE,WindowsLSASecurityPackages,HKEY_LOCAL_MACHINE\System\CurrentControlSet\Control\Lsa\OSConfig;Security Packages,Security Packages can be injected into LSASS.,windows.yaml
FILE,WindowsMetroApplicationCache,%%users.localappdata%%\Packages\*\AC\INetCache,Windows Metro application cache.,windows.yaml
FILE,WindowsMetroApplicationCookies,%%users.localappdata%%\Packages\*\AC\INetCookies,Windows Metro application cookies.,windows.yaml
FILE,WindowsMetroApplicationHistory,%%users.localappdata%%\Packages\*\AC\INetHistory,Windows Metro application history.,windows.yaml
FILE,WindowsMetroUserPinnedFavoriteTiles,%%users.localappdata%%\Microsoft\Windows\RoamingTiles,Windows Metro user-pinned favorite tiles.,windows.yaml
REGISTRY_VALUE,WindowsMostRecentApplication,HKEY_USERS\%%users.sid%%\Software\Microsoft\*\MostRecentApplication;Name,Windows Most Recent Application name key,windows.yaml
REGISTRY_KEY,WindowsMSDTCDLLs,HKEY_LOCAL_MACHINE\Software\Microsoft\MSDTC\MTxOCI\*;HKEY_USERS\%%users.sid%%\Software\Microsoft\MSDTC\MTxOCI\*,Windows MSDTC attempts to load these DLLs on start,windows.yaml
REGISTRY_KEY,WindowsMultiMediaDrivers,HKEY_LOCAL_MACHINE\SOFTWARE\Microsoft\Windows NT\CurrentVersion\Drivers32\*,Configured drivers for different multimedia filetypes.,windows.yaml
REGISTRY_KEY,WindowsNetworkShellHelpers,HKEY_LOCAL_MACHINE\Software\Microsoft\Netsh;HKEY_LOCAL_MACHINE\Software\Wow6432Node\Microsoft\Netsh,Windows Network Shell (netsh) helpers are loaded on boot,windows.yaml
REGISTRY_KEY,WindowsOpenSaveMRU,HKEY_USERS\%%users.sid%%\Software\Microsoft\Windows\CurrentVersion\Explorer\ComDIg32\OpenSaveMRU\*\*,Information about files opened or saved in a Windows shell dialog.,windows.yaml
REGISTRY_KEY,WindowsOpenSavePidlMRU,HKEY_USERS\%%users.sid%%\Software\Microsoft\Windows\CurrentVersion\Explorer\ComDlg32\OpenSavePidlMRU\*\*,Information about files opened or saved in a Windows shell dialog.,windows.yaml
REGISTRY_VALUE,WindowsPendingFileRenames,HKEY_LOCAL_MACHINE\System\CurrentControlSet\Control\Session Manager;PendingFileRenameOperations,Windows Pending file renames on reboot,windows.yaml
REGISTRY_KEY,WindowsPLAPProviders,HKEY_LOCAL_MACHINE\Software\Microsoft\Windows\CurrentVersion\Authentication\PLAP Providers\*;HKEY_LOCAL_MACHINE\Software\Wow6432Node\Microsoft\Windows\CurrentVersion\Authentication\PLAP Providers\*,Windows Pre-Logon Access Provider (PLAP) Providers,windows.yaml
REGISTRY_KEY,WindowsPolicyDisallowRun,HKEY_USERS\%%users.sid%%\Software\Microsoft\Windows\CurrentVersion\Policies\Explorer\DisallowRun\*,Restrict users from running specific applications- typically used by malware to block AV.,windows.yaml
FILE,WindowsPowerShellDefaultProfiles,%%environ_systemroot%%\system32\WindowsPowerShell\v1.0\profile.ps1;%%environ_systemroot%%\system32\WindowsPowerShell\v1.0\Microsoft.PowerShell_profile.ps1;%%users.userprofile%%\Documents\WindowsPowerShell\profile.ps1;%%users.userprofile%%\Documents\WindowsPowerShell\Microsoft.PowerShell_profile.ps1,Default PowerShell Profile files. These files are executed by default when PowerShell starts up.,windows.yaml
REGISTRY_VALUE,WindowsPowerShellEnableScripts,HKEY_LOCAL_MACHINE\Software\Policies\Microsoft\Windows\PowerShell;EnableScripts,Registry keys that control whether PowerShell scripts can execute directly.,windows.yaml
REGISTRY_VALUE,WindowsPowerShellExecutionPolicies,HKEY_LOCAL_MACHINE\Software\Policies\Microsoft\Windows\PowerShell;ExecutionPolicy,PowerShell Script Execution Policies for all users- and the system.,windows.yaml
FILE,WindowsPrefetchFiles,%%environ_systemroot%%\Prefetch\*.pf,Windows Prefetch files.,windows.yaml
REGISTRY_VALUE,WindowsPrintMonitors,HKEY_LOCAL_MACHINE\System\CurrentControlSet\Control\Print\Monitors\*;Driver,Windows Print Monitor DLL config.,windows.yaml
REGISTRY_VALUE,WindowsProductName,HKEY_LOCAL_MACHINE\Software\Microsoft\Windows NT\CurrentVersion;ProductName,The Windows product name,windows.yaml
REGISTRY_VALUE,WindowsProgramsCache,HKEY_USERS\%%users.sid%%\Software\Microsoft\Windows\CurrentVersion\Explorer\StartPage2;ProgramsCache,Windows Programs Cache,windows.yaml
REGISTRY_VALUE,WindowsProxyPACAutoConfigURL,HKEY_USERS\%%users.sid%%\Software\Microsoft\Windows\CurrentVersion\Internet Settings;AutoConfigURL,Windows Proxy PAC AutoConfigURL.,windows.yaml
FILE,WindowsRecentFileCacheBCF,%%environ_systemroot%%\AppCompat\Programs\RecentFileCache.bcf,The RecentFileCache.bcf file.,windows.yaml
FILE,WindowsRecycleBin,\$Recycle.Bin\**;\Recycler\**,Windows Recycle Bin (Recyler- $Recycle.Bin) files.,windows.yaml
REGISTRY_VALUE,WindowsRegistryCurrentControlSet,HKEY_LOCAL_MACHINE\System\Select;Current,The current control set of the Windows Registry.,windows.yaml
REGISTRY_VALUE,WindowsRegistryProfiles,HKEY_LOCAL_MACHINE\Software\Microsoft\Windows NT\CurrentVersion\ProfileList\*;ProfileImagePath,Get SIDs for all users on the system with profiles present in the Registry.This looks in the Windows Registry where the profiles are stored and retrievesthe paths for each profile.,windows.yaml
REGISTRY_VALUE,WindowsReleaseIdentifier,HKEY_LOCAL_MACHINE\Software\Microsoft\Windows NT\CurrentVersion;ReleaseID,The Windows 10 release identifier (or version number).This Windows Registry value contains the semi-annual Windows 10 version number.,windows.yaml
FILE,WindowsRoverAutostartDLL,%%environ_systemroot%%\System32\rover.dll,Windows Rover autostart DLL.The DLL loaded via the Windows Rover autostart mechanism.If this file exists- and the Rover autostart Registry key is set-userinit.exe will load this file and call its RunMonitor export.,windows.yaml
REGISTRY_KEY,WindowsRoverAutostartKey,HKEY_CLASSES_ROOT\CLSID\{16d12736-7a9e-4765-bec6-f301d679caaa},Windows Rover autostart Registry key.When set userinit.exe will load the DLL at %SystemRoot%\System32\rover.dll and call its RunMonitor export.,windows.yaml
REGISTRY_VALUE,WindowsRunGrpConv,HKEY_USERS\%%users.sid%%\Software\Microsoft\Windows NT\CurrentVersion\Winlogon;RunGrpConv,The Windows RunGrpConv Registry value.When this Registry value is non-zero userinit.exe will launch grpconv.exe at user login.,windows.yaml
REGISTRY_KEY,WindowsRunKeys,HKEY_LOCAL_MACHINE\Software\Microsoft\Windows\CurrentVersion\Policies\Explorer\Run\*;HKEY_LOCAL_MACHINE\Software\Microsoft\Windows\CurrentVersion\Run\*;HKEY_LOCAL_MACHINE\Software\Microsoft\Windows\CurrentVersion\RunOnce\*;HKEY_LOCAL_MACHINE\Software\Microsoft\Windows\CurrentVersion\RunOnce\Setup\*;HKEY_LOCAL_MACHINE\Software\Microsoft\Windows\CurrentVersion\RunOnceEx\*;HKEY_LOCAL_MACHINE\Software\Wow6432Node\Microsoft\Windows\CurrentVersion\Run\*;HKEY_LOCAL_MACHINE\Software\Wow6432Node\Microsoft\Windows\CurrentVersion\RunOnce\*;HKEY_LOCAL_MACHINE\Software\Wow6432Node\Microsoft\Windows\CurrentVersion\RunOnce\Setup\*;HKEY_LOCAL_MACHINE\Software\Wow6432Node\Microsoft\Windows\CurrentVersion\RunOnceEx\*;HKEY_LOCAL_MACHINE\Software\Wow6432Node\Microsoft\Windows\CurrentVersion\Policies\Explorer\Run\*;HKEY_USERS\%%users.sid%%\Software\Microsoft\Windows\CurrentVersion\Policies\Explorer\Run\*;HKEY_USERS\%%users.sid%%\Software\Microsoft\Windows\CurrentVersion\Run\*;HKEY_USERS\%%users.sid%%\Software\Microsoft\Windows\CurrentVersion\RunOnce\*;HKEY_USERS\%%users.sid%%\Software\Microsoft\Windows\CurrentVersion\RunOnce\Setup\*;HKEY_USERS\%%users.sid%%\Software\Microsoft\Windows\CurrentVersion\RunOnceEx\*;HKEY_USERS\%%users.sid%%\Software\Wow6432Node\Microsoft\Windows\CurrentVersion\Policies\Explorer\Run\*;HKEY_USERS\%%users.sid%%\Software\Wow6432Node\Microsoft\Windows\CurrentVersion\Run\*;HKEY_USERS\%%users.sid%%\Software\Wow6432Node\Microsoft\Windows\CurrentVersion\RunOnce\*;HKEY_USERS\%%users.sid%%\Software\Wow6432Node\Microsoft\Windows\CurrentVersion\RunOnce\Setup\*;HKEY_USERS\%%users.sid%%\Software\Wow6432Node\Microsoft\Windows\CurrentVersion\RunOnceEx\*,Windows Run and RunOnce keys.Note users.sid will currently only expand to SIDs with profileson the system- not all SIDs.,windows.yaml
REGISTRY_KEY,WindowsRunServices,HKEY_LOCAL_MACHINE\Software\Microsoft\Windows\CurrentVersion\RunServicesOnce\*;HKEY_LOCAL_MACHINE\Software\Microsoft\Windows\CurrentVersion\RunServices\*;HKEY_LOCAL_MACHINE\Software\Wow6432Node\Microsoft\Windows\CurrentVersion\RunServicesOnce\*;HKEY_LOCAL_MACHINE\Software\Wow6432Node\Microsoft\Windows\CurrentVersion\RunServices\*;HKEY_USERS\%%users.sid%%\Software\Microsoft\Windows\CurrentVersion\RunServicesOnce\*;HKEY_USERS\%%users.sid%%\Software\Microsoft\Windows\CurrentVersion\RunServices\*;HKEY_USERS\%%users.sid%%\Software\Wow6432Node\Microsoft\Windows\CurrentVersion\RunServicesOnce\*;HKEY_USERS\%%users.sid%%\Software\Wow6432Node\Microsoft\Windows\CurrentVersion\RunServices\*,Windows Run Services.,windows.yaml
FILE,WindowsScheduledTasks,%%environ_systemroot%%\Tasks\**10;%%environ_systemroot%%\System32\Tasks\**10;%%environ_systemroot%%\SysWow64\Tasks\**10,Windows Scheduled Tasks.,windows.yaml
REGISTRY_VALUE,WindowsScreenSaverExecutable,HKEY_USERS\%%users.sid%%\Control Panel\Desktop;scrnsave.exe,ScreenSaver Executable,windows.yaml
FILE,WindowsSearchDatabase,%%environ_allusersappdata%%\Microsoft\Search\Data\Applications\Windows\Windows.edb,Windows Search database (Windows.edb).,windows.yaml
REGISTRY_KEY,WindowsSecurityProviders,HKEY_LOCAL_MACHINE\System\CurrentControlSet\Control\SecurityProviders\*,Security Providers DLLs,windows.yaml
REGISTRY_VALUE,WindowsServiceControlManagerExtension,HKEY_LOCAL_MACHINE\System\CurrentControlSet\Control;ServiceControlManagerExtension,Windows service control manager extension,windows.yaml
REGISTRY_KEY,WindowsServices,HKEY_LOCAL_MACHINE\System\CurrentControlSet\services\*\*;HKEY_LOCAL_MACHINE\System\CurrentControlSet\services\*\Parameters\*,Windows services from the Registry.,windows.yaml
REGISTRY_VALUE,WindowsSessionManagerBootExecute,HKEY_LOCAL_MACHINE\System\CurrentControlSet\Control\Session Manager;BootExecute,Windows Session Manager BootExecute persistence.,windows.yaml
REGISTRY_VALUE,WindowsSessionManagerExecute,HKEY_LOCAL_MACHINE\System\CurrentControlSet\Control\Session Manager;Execute,Windows Session Manager Execute persistence,windows.yaml
REGISTRY_VALUE,WindowsSessionManagerSetupExecute,HKEY_LOCAL_MACHINE\System\CurrentControlSet\Control\Session Manager;SetupExecute,Windows Session Manager SetupExecute persistence,windows.yaml
REGISTRY_VALUE,WindowsSessionManagerSubSystems,HKEY_LOCAL_MACHINE\System\CurrentControlSet\Control\Session Manager\SubSystems;Windows,Windows Session Manager SubSystems persistence,windows.yaml
REGISTRY_VALUE,WindowsSessionManagerWOWCommandLine,HKEY_LOCAL_MACHINE\System\CurrentControlSet\Control\Session Manager\WOW;wowcmdline,Windows Session Manager Windows-on-Windows (WOW) command line,windows.yaml
REGISTRY_KEY,WindowsSharedTaskScheduler,HKEY_LOCAL_MACHINE\Software\Microsoft\Windows\CurrentVersion\Explorer\SharedTaskScheduler\*;HKEY_USERS\%%users.sid%%\Software\Microsoft\Windows\CurrentVersion\Explorer\SharedTaskScheduler\*,Runs on windows boot.,windows.yaml
REGISTRY_KEY,WindowsShellExecuteHooks,HKEY_LOCAL_MACHINE\Software\Microsoft\Windows\CurrentVersion\Explorer\ShellExecuteHooks\*;HKEY_LOCAL_MACHINE\Software\Wow6432Node\Microsoft\Windows\CurrentVersion\Explorer\ShellExecuteHooks\*,Shell execution hooks are called when ShellExecuteEx() is called.,windows.yaml
REGISTRY_KEY,WindowsShellExtensions,HKEY_LOCAL_MACHINE\Software\Microsoft\Windows\CurrentVersion\Shell Extensions\Approved;HKEY_LOCAL_MACHINE\Software\Wow6432Node\Microsoft\Windows\CurrentVersion\Shell Extensions\Approved;HKEY_USERS\%%users.sid%%\Software\Microsoft\Windows\CurrentVersion\Shell Extensions\Approved;HKEY_USERS\%%users.sid%%\Software\Wow6432Node\Microsoft\Windows\CurrentVersion\Shell Extensions\Approved,Approved extensions to the Windows Shell (explorer.exe).,windows.yaml
REGISTRY_KEY,WindowsShellHandlersRegistryKeys,HKEY_LOCAL_MACHINE\Software\Classes\*\ShellEx\ColumnHandlers\*;HKEY_LOCAL_MACHINE\Software\Classes\*\ShellEx\ContextMenuHandlers\*;HKEY_LOCAL_MACHINE\Software\Classes\*\ShellEx\CopyHookHandlers\*;HKEY_LOCAL_MACHINE\Software\Classes\*\ShellEx\DragDropHandlers\*;HKEY_LOCAL_MACHINE\Software\Classes\*\ShellEx\PropertySheetHandlers\*;HKEY_LOCAL_MACHINE\Software\Classes\Directory\Background\ShellEx\ContextMenuHandlers\*;HKEY_LOCAL_MACHINE\Software\Classes\Directory\Background\ShellEx\CopyHookHandlers\*;HKEY_LOCAL_MACHINE\Software\Classes\Directory\Background\ShellEx\DragDropHandlers\*;HKEY_LOCAL_MACHINE\Software\Classes\Directory\Background\ShellEx\PropertySheetHandlers\*;HKEY_LOCAL_MACHINE\Software\Classes\Wow6432Node\*\ShellEx\ColumnHandlers\*;HKEY_LOCAL_MACHINE\Software\Classes\Wow6432Node\*\ShellEx\ContextMenuHandlers\*;HKEY_LOCAL_MACHINE\Software\Classes\Wow6432Node\*\ShellEx\CopyHookHandlers\*;HKEY_LOCAL_MACHINE\Software\Classes\Wow6432Node\*\ShellEx\DragDropHandlers\*;HKEY_LOCAL_MACHINE\Software\Classes\Wow6432Node\*\ShellEx\PropertySheetHandlers\*;HKEY_LOCAL_MACHINE\Software\Classes\Wow6432Node\Directory\Background\ShellEx\ContextMenuHandlers\*;HKEY_LOCAL_MACHINE\Software\Classes\Wow6432Node\Directory\Background\ShellEx\CopyHookHandlers\*;HKEY_LOCAL_MACHINE\Software\Classes\Wow6432Node\Directory\Background\ShellEx\DragDropHandlers\*;HKEY_LOCAL_MACHINE\Software\Classes\Wow6432Node\Directory\Background\ShellEx\PropertySheetHandlers\*;HKEY_USERS\%%users.sid%%\Software\Classes\*\ShellEx\ColumnHandlers\*;HKEY_USERS\%%users.sid%%\Software\Classes\*\ShellEx\ContextMenuHandlers\*;HKEY_USERS\%%users.sid%%\Software\Classes\*\ShellEx\CopyHookHandlers\*;HKEY_USERS\%%users.sid%%\Software\Classes\*\ShellEx\DragDropHandlers\*;HKEY_USERS\%%users.sid%%\Software\Classes\*\ShellEx\PropertySheetHandlers\*;HKEY_USERS\%%users.sid%%\Software\Classes\Directory\Background\ShellEx\ContextMenuHandlers\*;HKEY_USERS\%%users.sid%%\Software\Classes\Directory\Background\ShellEx\CopyHookHandlers\*;HKEY_USERS\%%users.sid%%\Software\Classes\Directory\Background\ShellEx\DragDropHandlers\*;HKEY_USERS\%%users.sid%%\Software\Classes\Directory\Background\ShellEx\PropertySheetHandlers\*;HKEY_USERS\%%users.sid%%\Software\Classes\Wow6432Node\*\ShellEx\ColumnHandlers\*;HKEY_USERS\%%users.sid%%\Software\Classes\Wow6432Node\*\ShellEx\ContextMenuHandlers\*;HKEY_USERS\%%users.sid%%\Software\Classes\Wow6432Node\*\ShellEx\CopyHookHandlers\*;HKEY_USERS\%%users.sid%%\Software\Classes\Wow6432Node\*\ShellEx\DragDropHandlers\*;HKEY_USERS\%%users.sid%%\Software\Classes\Wow6432Node\*\ShellEx\PropertySheetHandlers\*;HKEY_USERS\%%users.sid%%\Software\Classes\Wow6432Node\Directory\Background\ShellEx\ContextMenuHandlers\*;HKEY_USERS\%%users.sid%%\Software\Classes\Wow6432Node\Directory\Background\ShellEx\CopyHookHandlers\*;HKEY_USERS\%%users.sid%%\Software\Classes\Wow6432Node\Directory\Background\ShellEx\DragDropHandlers\*;HKEY_USERS\%%users.sid%%\Software\Classes\Wow6432Node\Directory\Background\ShellEx\PropertySheetHandlers\*,Windows registry values for shell handler artifacts.ContextMenuHandlers are added to right-click menus.CopyHookHandlers- DragDropHandlers- and ColumnHandlers are similar contextualsettings to trigger on these actions.,windows.yaml
REGISTRY_KEY,WindowsShellIconOverlayIdentifiers,HKEY_LOCAL_MACHINE\Software\Microsoft\Windows\CurrentVersion\Explorer\ShellIconOverlayIdentifiers\*;HKEY_LOCAL_MACHINE\Software\Wow6432Node\Microsoft\Windows\CurrentVersion\Explorer\ShellIconOverlayIdentifiers\*;HKEY_USERS\%%users.sid%%\Software\Microsoft\Windows\CurrentVersion\Explorer\ShellIconOverlayIdentifiers\*;HKEY_USERS\%%users.sid%%\Software\Wow6432Node\Microsoft\Windows\CurrentVersion\Explorer\ShellIconOverlayIdentifiers\*,Called to display custom icons.,windows.yaml
REGISTRY_VALUE,WindowsShellLoadAndRun,HKEY_USERS\%%users.sid%%\Software\Wow6432Node\Microsoft\Windows NT\CurrentVersion\Windows;Run,Windows Shell Load and Run values,windows.yaml
REGISTRY_VALUE,WindowsIconServiceLib,HKEY_LOCAL_MACHINE\Software\Microsoft\Windows NT\CurrentVersion\Windows;IconServiceLib,Windows Icon Service Library NameThe value should default to 'IconCodecService.dll',windows.yaml
REGISTRY_VALUE,WindowsShellOpenCommand,HKEY_USERS\%%users.sid%%\Software\Classes\Wow6432Node\*\shell\open\command;IsolatedCommand,Executed every time this file type is opened. For most file types- the value should be '"%1" %*'.,windows.yaml
REGISTRY_VALUE,WindowsShellRunasCommand,HKEY_USERS\%%users.sid%%\Software\Classes\Wow6432Node\*\shell\runas\command;IsolatedCommand,Executed every time an executable or script file type is run as administrator.For most file types- the value should be '"%1" %*' or something similar.Example file type subkeys include 'exefile'- 'batfile'- and 'cmdfile'. Thesekeys can be modified by malware as a way to be periodically executed or tobypass UAC.,windows.yaml
REGISTRY_KEY,WindowsShellServiceObjects,HKEY_LOCAL_MACHINE\Software\Microsoft\Windows\CurrentVersion\ShellServiceObjectDelayLoad;HKEY_LOCAL_MACHINE\Software\Wow6432Node\Microsoft\Windows\CurrentVersion\ShellServiceObjectDelayLoad,Windows Shell (explorer.exe) service objects delayed load.,windows.yaml
FILE,WindowsSetupApiLogs,%%environ_systemroot%%\setupapi.log,Windows setup API logs.,windows.yaml
FILE,WindowsSetupApiLogs,%%environ_systemroot%%\inf\setupapi.app.log;%%environ_systemroot%%\inf\setupapi.dev.log;%%environ_systemroot%%\inf\setupapi.offline.log,Windows setup API logs.,windows.yaml
REGISTRY_VALUE,WindowsShutdownScript,HKEY_LOCAL_MACHINE\Software\Microsoft\Windows\CurrentVersion\Group Policy\State\Machine\Scripts\Shutdown\*\*;Parameters,Windows policy shutdown script,windows.yaml
REGISTRY_VALUE,WindowsStartupFolderModification,HKEY_USERS\%%users.sid%%\Software\Wow6432Node\Microsoft\Windows\CurrentVersion\Explorer\User Shell Folders;Startup,Windows startup folder Registry values.,windows.yaml
FILE,WindowsStartupFolders,%%environ_allusersprofile%%\Microsoft\Windows\Start Menu\Programs\Startup\*;%%environ_allusersprofile%%\Start Menu\Programs\Startup\*;%%users.appdata%%\Microsoft\Windows\Start Menu\Programs\Startup\*;%%users.userprofile%%\Start Menu\Programs\Startup\*,Windows startup folder persistence.,windows.yaml
REGISTRY_VALUE,WindowsStartupScript,HKEY_LOCAL_MACHINE\Software\Microsoft\Windows\CurrentVersion\Group Policy\State\Machine\Scripts\Startup\*\*;Parameters,Windows policy startup script,windows.yaml
REGISTRY_VALUE,WindowsStubPaths,HKEY_USERS\%%users.sid%%\Software\Wow6432Node\Microsoft\Active Setup\Installed Components\*;StubPath,Windows StubPath persistence.,windows.yaml
FILE,WindowsSuperFetchFiles,%%environ_systemroot%%\Prefetch\Ag*.db;%%environ_systemroot%%\Prefetch\Ag*.db.trx,Windows SuperFetch files.,windows.yaml
FILE,WindowsSystemIniFiles,%%environ_systemdrive%%\system.ini;%%environ_windir%%\win.ini;%%environ_windir%%\wininit.ini,Windows system ini files,windows.yaml
REGISTRY_VALUE,WindowsSystemPolicyShell,HKEY_LOCAL_MACHINE\Software\Wow6432Node\Microsoft\Windows\CurrentVersion\Policies\System;Shell,Windows System policy replacement shell (custom user interface).,windows.yaml
FILE,WindowsSystemRegistryFilesBackup,%%environ_systemroot%%\System32\config\RegBack\SAM;%%environ_systemroot%%\System32\config\RegBack\SECURITY;%%environ_systemroot%%\System32\config\RegBack\SOFTWARE;%%environ_systemroot%%\System32\config\RegBack\SYSTEM,Backup of Windows system Registry files.,windows.yaml
FILE,WindowsSystemRegistryTransactionLogFilesBackup,%%environ_systemroot%%\System32\config\RegBack\SAM.LOG;%%environ_systemroot%%\System32\config\RegBack\SAM.LOG1;%%environ_systemroot%%\System32\config\RegBack\SAM.LOG2;%%environ_systemroot%%\System32\config\RegBack\SECURITY.LOG;%%environ_systemroot%%\System32\config\RegBack\SECURITY.LOG1;%%environ_systemroot%%\System32\config\RegBack\SECURITY.LOG2;%%environ_systemroot%%\System32\config\RegBack\SOFTWARE.LOG;%%environ_systemroot%%\System32\config\RegBack\SOFTWARE.LOG1;%%environ_systemroot%%\System32\config\RegBack\SOFTWARE.LOG2;%%environ_systemroot%%\System32\config\RegBack\SYSTEM.LOG;%%environ_systemroot%%\System32\config\RegBack\SYSTEM.LOG1;%%environ_systemroot%%\System32\config\RegBack\SYSTEM.LOG2,Backup of Windows system Registry transaction log files.These files have been observed to be typically 0 byte in size.,windows.yaml
FILE,WindowsSystemRegistryFiles,%%environ_systemroot%%\System32\config\SAM;%%environ_systemroot%%\System32\config\SECURITY;%%environ_systemroot%%\System32\config\SOFTWARE;%%environ_systemroot%%\System32\config\SYSTEM;\System Volume Information\Syscache.hve,Windows system Registry files.,windows.yaml
FILE,WindowsSystemRegistryTransactionLogFiles,%%environ_systemroot%%\System32\config\SAM.LOG;%%environ_systemroot%%\System32\config\SAM.LOG1;%%environ_systemroot%%\System32\config\SAM.LOG2;%%environ_systemroot%%\System32\config\SECURITY.LOG;%%environ_systemroot%%\System32\config\SECURITY.LOG1;%%environ_systemroot%%\System32\config\SECURITY.LOG2;%%environ_systemroot%%\System32\config\SOFTWARE.LOG;%%environ_systemroot%%\System32\config\SOFTWARE.LOG1;%%environ_systemroot%%\System32\config\SOFTWARE.LOG2;%%environ_systemroot%%\System32\config\SYSTEM.LOG;%%environ_systemroot%%\System32\config\SYSTEM.LOG1;%%environ_systemroot%%\System32\config\SYSTEM.LOG2,Windows system Registry transaction log files.,windows.yaml
FILE,WindowsSystemResourceUsageMonitorDatabaseFile,%%environ_systemroot%%\System32\sru\SRUDB.dat,Windows System Resource Usage Monitor (SRUM) database file.,windows.yaml
FILE,WindowsTempDirectories,%%environ_systemdrive%%\Temp\*;%%environ_systemroot%%\Temp\*;%%users.localappdata%%\Temp\*,Contents of the Windows temporary directories,windows.yaml
REGISTRY_KEY,WindowsTerminalServerRunKeys,HKEY_LOCAL_MACHINE\Software\Microsoft\Windows NT\CurrentVersion\Terminal Server\Install\Software\Microsoft\Windows\CurrentVersion\Runonce\*;HKEY_LOCAL_MACHINE\Software\Microsoft\Windows NT\CurrentVersion\Terminal Server\Install\Software\Microsoft\Windows\CurrentVersion\RunonceEx\*;HKEY_LOCAL_MACHINE\Software\Microsoft\Windows NT\CurrentVersion\Terminal Server\Install\Software\Microsoft\Windows\CurrentVersion\Run\*;HKEY_LOCAL_MACHINE\Software\Wow6432Node\Microsoft\Windows NT\CurrentVersion\Terminal Server\Install\Software\Microsoft\Windows\CurrentVersion\Runonce\*;HKEY_LOCAL_MACHINE\Software\Wow6432Node\Microsoft\Windows NT\CurrentVersion\Terminal Server\Install\Software\Microsoft\Windows\CurrentVersion\RunonceEx\*;HKEY_LOCAL_MACHINE\Software\Wow6432Node\Microsoft\Windows NT\CurrentVersion\Terminal Server\Install\Software\Microsoft\Windows\CurrentVersion\Run\*;HKEY_USERS\%%users.sid%%\Software\Microsoft\Windows NT\CurrentVersion\Terminal Server\Install\Software\Microsoft\Windows\CurrentVersion\Runonce\*;HKEY_USERS\%%users.sid%%\Software\Microsoft\Windows NT\CurrentVersion\Terminal Server\Install\Software\Microsoft\Windows\CurrentVersion\RunonceEx\*;HKEY_USERS\%%users.sid%%\Software\Microsoft\Windows NT\CurrentVersion\Terminal Server\Install\Software\Microsoft\Windows\CurrentVersion\Run\*;HKEY_USERS\%%users.sid%%\Software\Wow6432Node\Microsoft\Windows NT\CurrentVersion\Terminal Server\Install\Software\Microsoft\Windows\CurrentVersion\Runonce\*;HKEY_USERS\%%users.sid%%\Software\Wow6432Node\Microsoft\Windows NT\CurrentVersion\Terminal Server\Install\Software\Microsoft\Windows\CurrentVersion\RunonceEx\*;HKEY_USERS\%%users.sid%%\Software\Wow6432Node\Microsoft\Windows NT\CurrentVersion\Terminal Server\Install\Software\Microsoft\Windows\CurrentVersion\Run\*,Windows Terminal Server Run keys,windows.yaml
REGISTRY_VALUE,WindowsTerminalServerStartupPrograms,HKEY_LOCAL_MACHINE\System\CurrentControlSet\Control\Terminal Server\Wds\rdpwd;StartupPrograms,Windows Terminal Server Startup Programs,windows.yaml
REGISTRY_VALUE,WindowsTerminalServerInitialProgram,HKEY_LOCAL_MACHINE\System\CurrentControlSet\Control\Terminal Server\WinStations\RDP-Tcp;InitialProgram,Windows Terminal Server Initial Program,windows.yaml
REGISTRY_KEY,WindowsActiveSyncAutoStart,HKEY_LOCAL_MACHINE\Software\Microsoft\Windows CE Services\AutoStartOnConnect\*;HKEY_LOCAL_MACHINE\Software\Microsoft\Windows CE Services\AutoStartOnDisconnect\*;HKEY_LOCAL_MACHINE\Software\Wow6432Node\Microsoft\Windows CE Services\AutoStartOnConnect\*;HKEY_LOCAL_MACHINE\Software\Wow6432Node\Microsoft\Windows CE Services\AutoStartOnDisconnect\*,Windows ActiveSync AutoStart entries,windows.yaml
REGISTRY_VALUE,WindowsTimezone,HKEY_LOCAL_MACHINE\System\CurrentControlSet\Control\TimeZoneInformation;StandardName,The timezone of the system in Olson format.,windows.yaml
REGISTRY_KEY,WindowsToolPaths,HKEY_LOCAL_MACHINE\SOFTWARE\Microsoft\Windows\CurrentVersion\Explorer\MyComputer\BackupPath;HKEY_LOCAL_MACHINE\SOFTWARE\Microsoft\Windows\CurrentVersion\Explorer\MyComputer\ChkDskPath;HKEY_LOCAL_MACHINE\SOFTWARE\Microsoft\Windows\CurrentVersion\Explorer\MyComputer\cleanuppath;HKEY_LOCAL_MACHINE\SOFTWARE\Microsoft\Windows\CurrentVersion\Explorer\MyComputer\DefragPath,Paths to windows tools such as defrag- chkdsk.,windows.yaml
REGISTRY_KEY,WindowsUninstallKeys,HKEY_LOCAL_MACHINE\Software\Microsoft\Windows\CurrentVersion\Uninstall\*,Uninstall Registry keys,windows.yaml
REGISTRY_VALUE,WindowsUpdateBuildRevision,HKEY_LOCAL_MACHINE\Software\Microsoft\Windows NT\CurrentVersion;UBR,Windows kernel update build revision (UBR).This Windows Registry value contains the monthly rollup patch version.,windows.yaml
REGISTRY_VALUE,WindowsUpdateStatus,HKEY_LOCAL_MACHINE\Software\Microsoft\Windows\CurrentVersion\WindowsUpdate\Auto Update\Results\Install;LastSuccessTime,Windows auto update status.,windows.yaml
DIRECTORY,WindowsUserDownloadsDirectory,%%users.userprofile%%\Downloads\*,User downloads directory,windows.yaml
FILE,WindowsUserRecentFiles,%%users.appdata%%\Microsoft\Office\Recent\*;%%users.appdata%%\Microsoft\Windows\Recent\*,Windows user specific recent files.,windows.yaml
FILE,WindowsUserRegistryFiles,%%users.userprofile%%\NTUSER.DAT;%%users.userprofile%%\NTUSER.MAN;%%users.localappdata%%\Microsoft\Windows\UsrClass.dat,Windows user specific Registry files.,windows.yaml
FILE,WindowsUserRegistryTransactionLogFiles,%%users.userprofile%%\NTUSER.DAT.LOG;%%users.userprofile%%\NTUSER.DAT.LOG1;%%users.userprofile%%\NTUSER.DAT.LOG2;%%users.localappdata%%\Microsoft\Windows\UsrClass.dat.LOG;%%users.localappdata%%\Microsoft\Windows\UsrClass.dat.LOG1;%%users.localappdata%%\Microsoft\Windows\UsrClass.dat.LOG2,Windows user Registry transaction log files.,windows.yaml
REGISTRY_KEY,WindowsUserShellFolders,HKEY_USERS\%%users.sid%%\Software\Microsoft\Windows\CurrentVersion\Explorer\Shell Folders\*;HKEY_USERS\%%users.sid%%\Environment\*;HKEY_USERS\%%users.sid%%\Volatile Environment\*,The Shell Folders information for Windows users.,windows.yaml
REGISTRY_VALUE,WindowsWinlogonGinaDLL,HKEY_USERS\%%users.sid%%\Software\Microsoft\Windows NT\CurrentVersion\Winlogon;GinaDLL,Windows Gina DLL replacement.,windows.yaml
REGISTRY_VALUE,WindowsWinlogonNotify,HKEY_USERS\%%users.sid%%\Software\Microsoft\Windows NT\CurrentVersion\Winlogon\Notify\*;DLLName,Windows Winlogon Notify DLL names.,windows.yaml
REGISTRY_VALUE,WindowsWinlogonShell,HKEY_USERS\%%users.sid%%\Software\Microsoft\Windows NT\CurrentVersion\Winlogon;Shell,Windows shell replacement.,windows.yaml
REGISTRY_VALUE,WindowsWinlogonSystem,HKEY_USERS\%%users.sid%%\Software\Microsoft\Windows NT\CurrentVersion\Winlogon;System,Applications launched by Winlogon in the system context during the system initialisation.,windows.yaml
REGISTRY_VALUE,WindowsWinlogonTaskman,HKEY_USERS\%%users.sid%%\Software\Microsoft\Windows NT\CurrentVersion\Winlogon;Taskman,Windows Winlogon Taskman replacement.,windows.yaml
REGISTRY_VALUE,WindowsWinlogonUiHost,HKEY_USERS\%%users.sid%%\Software\Microsoft\Windows NT\CurrentVersion\Winlogon;UiHost,Windows Winlogon UI screen application,windows.yaml
REGISTRY_VALUE,WindowsWinlogonUserinit,HKEY_USERS\%%users.sid%%\Software\Microsoft\Windows NT\CurrentVersion\Winlogon;Userinit,Windows Winlogon Userinit replacement.,windows.yaml
REGISTRY_KEY,WindowsWinlogonAvailableShells,HKEY_LOCAL_MACHINE\Software\Microsoft\Windows NT\CurrentVersion\Winlogon\AlternateShells\AvailableShells\*,Windows Server Winlogon Available ShellsUsed to specify an alternate shell application to be launched whenlogging into Windows Server 2012 and later. Legitimate keys underAvailableShells should just cause cmd.exe or explorer.exe to be executed-whereas malicious programs may create keys that cause malware to be runwhen a user logs in.,windows.yaml
REGISTRY_VALUE,WindowsWinlogonVMApplet,HKEY_USERS\%%users.sid%%\Software\Microsoft\Windows NT\CurrentVersion\Winlogon;VMApplet,Windows VMApplet replacement.,windows.yaml
FILE,WindowsWinstart,%%environ_windir%%\winstart.bat;%%environ_windir%%\dosstart.bat,Windows winstart.bat file,windows.yaml
REGISTRY_VALUE,WindowsWinlogonAppSetup,HKEY_LOCAL_MACHINE\Software\Microsoft\Windows NT\CurrentVersion\Winlogon;AppSetup,Windows Winlogon Appsetup,windows.yaml
REGISTRY_KEY,WinSock2LayeredServiceProviders,HKEY_LOCAL_MACHINE\System\CurrentControlSet\Services\WinSock2\Parameters\Protocol_Catalog9\Catalog_Entries\*;HKEY_LOCAL_MACHINE\System\CurrentControlSet\Services\WinSock2\Parameters\Protocol_Catalog9\Catalog_Entries64\*,Used to filter TCP/IP traffic through WinSock2.,windows.yaml
REGISTRY_VALUE,WinSock2NamespaceProviders,HKEY_LOCAL_MACHINE\System\CurrentControlSet\Services\WinSock2\Parameters\NameSpace_Catalog5\Catalog_Entries64\*;LibraryPath,Used to provide name-resolution services through WinSock2,windows.yaml
REGISTRY_VALUE,WindowsDNSSettings,HKEY_LOCAL_MACHINE\SYSTEM\CurrentControlSet\services\Tcpip\Parameters\Interfaces\*;DhcpServer,Windows Registry Keys that contain DNS and DHCP settings.,windows.yaml
FILE,DLLHijackLocations,%%environ_windir%%\EXPLORERFRAME.dll;%%environ_windir%%\DUser.dll;%%environ_windir%%\DUI70.dll;%%environ_windir%%\UxTheme.dll;%%environ_windir%%\POWRPROF.dll;%%environ_windir%%\dwmapi.dll;%%environ_windir%%\slc.dll;%%environ_windir%%\gdiplus.dll;%%environ_windir%%\Secur32.dll;%%environ_windir%%\SSPICLI.dll;%%environ_windir%%\PROPSYS.dll;%%environ_windir%%\WINSTA.dll;%%environ_windir%%\CRYPTBASE.dll;%%environ_windir%%\WindowsCodecs.dll;%%environ_windir%%\profapi.dll;%%environ_windir%%\apphelp.dll;%%environ_windir%%\EhStorShell.dll;%%environ_windir%%\cscui.dll;%%environ_windir%%\CSCDLL.dll;%%environ_windir%%\CSCAPI.dll;%%environ_windir%%\ntshrui.dll;%%environ_windir%%\srvcli.dll;%%environ_windir%%\IconCodecService.dll;%%environ_windir%%\CRYPTSP.dll;%%environ_windir%%\rsaenh.dll;%%environ_windir%%\RpcRtRemote.dll;%%environ_windir%%\SndVolSSO.dll;%%environ_windir%%\HID.dll;%%environ_windir%%\MMDevApi.dll;%%environ_windir%%\timedate.cpl;%%environ_windir%%\ATL.dll;%%environ_windir%%\actxprxy.dll;%%environ_windir%%\ntmarta.dll;%%environ_windir%%\shdocvw.dll;%%environ_windir%%\LINKINFO.dll;%%environ_windir%%\USERENV.dll;%%environ_windir%%\shacct.dll;%%environ_windir%%\gameux.dll;%%environ_windir%%\XmlLite.dll;%%environ_windir%%\wer.dll;%%environ_windir%%\SAMLIB.dll;%%environ_windir%%\msls31.dll;%%environ_windir%%\tiptsf.dll;%%environ_windir%%\authui.dll;%%environ_windir%%\CRYPTUI.dll;%%environ_windir%%\msiltcfg.dll;%%environ_windir%%\VERSION.dll;%%environ_windir%%\msi.dll;%%environ_windir%%\NetworkExplorer.dll;%%environ_windir%%\WINMM.dll;%%environ_windir%%\wdmaud.drv;%%environ_windir%%\ksuser.dll;%%environ_windir%%\AVRT.dll;%%environ_windir%%\AUDIOSES.dll;%%environ_windir%%\msacm32.drv;%%environ_windir%%\MSACM32.dll;%%environ_windir%%\midimap.dll;%%environ_windir%%\netutils.dll;%%environ_windir%%\stobject.dll;%%environ_windir%%\BatMeter.dll;%%environ_windir%%\WTSAPI32.dll;%%environ_windir%%\es.dll;%%environ_windir%%\prnfldr.dll;%%environ_windir%%\WINSPOOL.DRV;%%environ_windir%%\dxp.dll;%%environ_windir%%\Syncreg.dll;%%environ_windir%%\netshell.dll;%%environ_windir%%\IPHLPAPI.dll;%%environ_windir%%\WINNSI.dll;%%environ_windir%%\nlaapi.dll;%%environ_windir%%\AltTab.dll;%%environ_windir%%\pnidui.dll;%%environ_windir%%\QUtil.dll;%%environ_windir%%\wevtapi.dll;%%environ_windir%%\dhcpcsvc6.dll;%%environ_windir%%\dhcpcsvc.dll;%%environ_windir%%\credssp.dll;%%environ_windir%%\npmproxy.dll;%%environ_windir%%\cscobj.dll;%%environ_windir%%\Wlanapi.dll;%%environ_windir%%\wlanutil.dll;%%environ_windir%%\wwanapi.dll;%%environ_windir%%\wwapi.dll;%%environ_windir%%\QAgent.dll;%%environ_windir%%\srchadmin.dll;%%environ_windir%%\mssprxy.dll;%%environ_windir%%\bthprops.cpl;%%environ_windir%%\ieframe.dll;%%environ_windir%%\OLEACC.dll;%%environ_windir%%\SyncCenter.dll;%%environ_windir%%\Actioncenter.dll;%%environ_windir%%\imapi2.dll;%%environ_windir%%\SXS.dll;%%environ_windir%%\hgcpl.dll;%%environ_windir%%\provsvc.dll;%%environ_windir%%\wkscli.dll;%%environ_windir%%\fxsst.dll;%%environ_windir%%\FXSAPI.dll;%%environ_windir%%\FXSRESM.dll;%%environ_windir%%\ieproxy.dll;%%environ_windir%%\thumbcache.dll;%%environ_windir%%\rasadhlp.dll;%%environ_windir%%\MPR.dll;%%environ_windir%%\vmhgfs.dll;%%environ_windir%%\drprov.dll;%%environ_windir%%\ntlanman.dll;%%environ_windir%%\davclnt.dll;%%environ_windir%%\DAVHLPR.dll;%%environ_windir%%\StructuredQuery.dll;%%environ_windir%%\UIAnimation.dll;%%environ_windir%%\DEVRTL.dll;%%environ_windir%%\MLANG.dll;%%environ_windir%%\wscinterop.dll;%%environ_windir%%\WSCAPI.dll;%%environ_windir%%\wscui.cpl;%%environ_windir%%\werconcpl.dll;%%environ_windir%%\framedynos.dll;%%environ_windir%%\wercplsupport.dll;%%environ_windir%%\msxml6.dll;%%environ_windir%%\hcproviders.dll;%%environ_windir%%\zipfldr.dll;%%environ_windir%%\rarext.dll;%%environ_windir%%\7-zip.dll;%%environ_windir%%\twext.dll;%%environ_windir%%\WinCDEmuContextMenu.dll;%%environ_windir%%\syncui.dll;%%environ_windir%%\SYNCENG.dll;%%environ_windir%%\shlext010.dll;%%environ_windir%%\ATL90.dll;%%environ_windir%%\acppage.dll;%%environ_windir%%\sfc.dll;%%environ_windir%%\sfc_os.dll;%%environ_windir%%\dsrole.dll;%%environ_windir%%\ACLUI.dll;%%environ_windir%%\NTDSAPI.dll;%%environ_windir%%\PhotoBase.dll;%%environ_windir%%\sbdrop.dll;%%environ_windir%%\tquery.dll;%%environ_windir%%\EhStorAPI.dll;%%environ_windir%%\SearchFolder.dll;%%environ_windir%%\NaturalLanguage6.dll;%%environ_windir%%\NLSData0009.dll;%%environ_windir%%\NLSLexicons0009.dll;%%environ_windir%%\MsftEdit.dll;%%environ_windir%%\dnsapi.dll;%%environ_windir%%\RASAPI32.dll;%%environ_windir%%\rasman.dll;%%environ_windir%%\rtutils.dll;%%environ_windir%%\sensapi.dll,DLL search order hijacking locations collected from base Windows 7.,windows_dll_hijacking.yaml
